Product Id,Product Name,Product Varies? Yes/No,Parent Product,Variant Name,Variant ID,SKU,Inventory ID,Barcode,Taxonomy,On Hand Quantity,Sales Channels
1998404,Dark Green Aerolatte Milk Frother,No,,,,29459319291946,16837643,5039179001056,,7321,Shopify
1998545,Single Serve Sachet Butter Pecan Creamer Stick Pack (1 ct),No,,,,92,11810558,,,6387,Shopify
1998522,Single Serve Sachet Cacao Mocha Creamer Stick Pack (1 ct),No,,,,94,11847249,,,4718,Shopify
1998524,Birthday Cake Creamer Stick Pack (1 ct),No,,,,97,11847247,,,4596,Shopify
1998508,Single Serve Sachet (1 ct) Salted Caramel,No,,,,single-serve-sachet-1-ct-salted-caramel,12538248,,,4575,Shopify
1998519,Pumpkin Spice Creamer Stick Pack (1 ct),No,,,,98,11847252,,,2598,Shopify
1998507,Single Serve Sachet (1 ct) French Vanilla,No,,,,single-serve-sachet-1-ct-french-vanilla,12538250,,,2496,Shopify
1998897,Blueberry Pancakes Single Serve Sachet,No,,,,205,4507872,,,2358,"ShipBob,Shopify"
1998790,Large Bag (20-25 cups) King Cake,No,,,,104,4044444,812064030295,,1368,Shopify
2144803,Individual Serving Size Sachet Nutella Latte,No,,,,912,17735399,,,857,Shopify
1998755,Large bag Salted Caramel,No,,,,16,3640685,812064030080,,808,"Shopify,Amazon"
1998780,"Italian Sweet Cream ",No,,,,italian-sweet-cream-limited-edition,4443835,,,743,"Shopify,Amazon"
1998773,Large Bag Cacao Mocha,No,,,,12,3640661,812064030882,,718,"Shopify,Amazon"
1998775,Large bag Butter Pecan,No,,,,18,3640657,812064030202,,555,"Shopify,Amazon"
3296768,Individual Serving Size Sachet White Chocolate Mocha,No,,,,900,18105781,,,508,Shopify
1998751,Large French Vanilla,No,,,,14,3640692,812064030356,,494,"Shopify,Amazon"
1998752," Sustainable Wooden Measuring Spoon",No,,,,01,3640691,,,489,Shopify
1998898,Large Bag Blueberry Pancakes,No,,,,105,4507871,,,409,"ShipBob,Shopify"
1998772,"Large Bag Cinnamon Dolce ",No,,,,101,3640663,812064030233,,354,"Shopify,Amazon"
1998777,Large Bag Birthday Cake,No,,,,11,3640649,812064030189,,345,"Shopify,Amazon"
1998778,White Aerolatte Milk Frother,No,,,,white-aerolatte-milk-frother,3640648,5039179001247,,279,Shopify
1998511,Large Bag White Chocolate Mocha **Limited Edition**,No,,,,112,12391481,812064030516,,175,Shopify
1998457,Bulk 2.5lb Bag Cacao Mocha,No,,,,81,15424407,,,101,Shopify
1998899,Aerolatte Milk Frother - Red,No,,,,04,4465508,5039179001032,,97,"ShipBob,Shopify"
1998454,Bulk 2.5lb Bag French Vanilla,No,,,,82,15566928,,,90,Shopify
1998757,Large Bag Pumpkin Spice,No,,,,19,3640681,812064030981,,88,"Shopify,Amazon"
1998669,Ground (12oz) Hazelnut Mocha Coffee Beans,No,,,,66,8120076,,,56,Shopify
1998665,Whole (12oz) House Blend Coffee Beans,No,,,,61,8120080,,,55,Shopify
1998762,Large bag Original,No,,,,15,3640674,812064030899,,54,Shopify
1998666,Ground (12oz) House Blend Coffee Beans,No,,,,60,8120079,,,54,Shopify
1998671,Whole (12oz) Cinnamon Pecan Coffee Beans,No,,,,64,8120074,,,51,Shopify
1998875,Large bag Fruit Loops Cereal Milk,No,,,,109,6424076,,,50,Shopify
1998672,Ground (12oz) Cinnamon Pecan Coffee Beans,No,,,,63,8120073,,,47,Shopify
1998456,Bulk 2.5lb Bag Salted Caramel,No,,,,83,15426936,,,43,Shopify
1998754,Large Bag Speculoos Cookie Dough,No,,,,17,3640687,812064030141,,41,Shopify
1998455,Bulk 2.5lb Bag Butter Pecan,No,,,,80,15566927,,,39,Shopify
1998670,K-cup (20 pods) Cinnamon Pecan Coffee Beans,No,,,,65,8120075,,,37,Shopify
2144804,Individual Serving Size Sachet Cinnamon Dolce,No,,,,915,17735400,,,34,Shopify
1998451,M / Mystery Mystery Shirt,No,,,,39572565721166,16018842,,,29,Shopify
1998664,K-cup (20 pods) House Blend Coffee Beans,No,,,,62,8120082,,,28,Shopify
1998573,Whole (12oz) Gingerbread Cookie Coffee Beans,No,,,,602,9726497,,,27,Shopify
1998668,Whole (12oz) Hazelnut Mocha Coffee Beans,No,,,,67,8120077,,,19,Shopify
1998472,Decaf Ground (12oz) Cinnamon Pecan Coffee Beans,No,,,,630,13238921,,,19,Shopify
1998667,K-cups (20 pods) Hazelnut Mocha Coffee Beans,No,,,,68,8120078,,,18,Shopify
1998595,"L / Oatmeal Premium T-shirt ""Pursuit of Sweetness""",No,,,,l-oatmeal-premium-t-shirt-pursuit-of-sweetness,9326067,,Clothing Tops,13,Shopify
1998589,"M / Oatmeal Premium T-shirt ""The Rooster""",No,,,,39572551893070,9326073,,,13,Shopify
1998452,L / Mystery Mystery Shirt,No,,,,39572565786702,16018841,,,13,Shopify
1998447,M / Mystery Mystery Sweater,No,,,,39572034355278,16018846,,,12,Shopify
1998596,"M / Emerald Green Premium T-shirt ""Pursuit of Sweetness""",No,,,,39572565753934,9326066,,,11,Shopify
1998572,K-cup (20 pods) Gingerbread Cookie Coffee Beans,No,,,,603,9726498,,,11,Shopify
1998450,S / Mystery Mystery Shirt,No,,,,39572565655630,16018843,,,11,Shopify
1998604,"L / Vintage Green Premium Hoodie Neck ""The Rooster""",No,,,,39572549926990,9326058,,,10,Shopify
1998587,"L / Oatmeal Premium T-shirt ""The Rooster""",No,,,,39572551991374,9326075,,,10,Shopify
1998891,Damaged,No,,,,052FC79809942FD,3768520,,,9,ShipBob
1998626,"M / Vintage Charcoal Premium Hoodie ""Pursuit of Sweetness""",No,,,,39572535967822,9326036,,,9,Shopify
1998607,"M / Vintage Green Premium Hoodie Neck ""The Rooster""",No,,,,39572549828686,9326055,,,9,Shopify
1998588,"M / Emerald Green Premium T-shirt ""The Rooster""",No,,,,39572551958606,9326074,,Clothing Tops,9,Shopify
1998448,L / Mystery Mystery Sweater,No,,,,39572034551886,16018845,,,9,Shopify
1998606,"M / Vintage Charcoal Premium Hoodie Neck ""The Rooster""",No,,,,39572549861454,9326056,,Sweatshirts,8,Shopify
1998603,"L / Vintage Charcoal Premium Hoodie Neck ""The Rooster""",No,,,,39572549959758,9326059,,,8,Shopify
1998597,"M / Oatmeal Premium T-shirt ""Pursuit of Sweetness""",No,,,,m-oatmeal-premium-t-shirt-pursuit-of-sweetness,9326065,,,8,Shopify
1998445,Large Bag Mystery Creamer,No,,,,00,16018848,,,8,Shopify
1998594,"L / Emerald Green Premium T-shirt ""Pursuit of Sweetness""",No,,,,39572565819470,9326068,,Clothing Tops,7,Shopify
1998462,Large bag Pistachio Ice Cream,No,,,,117,14679341,,,7,Shopify
1998904,Small Bag Cacao Mocha,No,,,,22,3648909,812064030035,,6,"ShipBob,Shopify"
1998792,Large Santa's Cookies,No,,,,102-1,3729054,,,6,Shopify
1998649,"L / Vintage Sandstone Premium Crew Neck ""Pursuit of Sweetness""",No,,,,l-vintage-sandstone-premium-crew-neck-pursuit-of-s-2f46737b802042d,9326013,,,6,Shopify
1998639,"M / Vintage Green Premium Crew Neck ""The Rooster""",No,,,,39572543406158,9326023,,Sweatshirts,6,Shopify
1998627,"M / Vintage Green Premium Hoodie ""Pursuit of Sweetness""",No,,,,39572535935054,9326035,,Sweatshirts,6,Shopify
1998399,Amazon VP3,No,,,,81CF7C0EAB4F9BA,7446031,,,6,ShipBob
1998647,"L / Vintage Charcoal Premium Crew Neck ""Pursuit of Sweetness""",No,,,,39572034682958,9326015,,,5,Shopify
1998633,"XL / Vintage Green Premium Crew Neck ""The Rooster""",No,,,,39572543602766,9326029,,,5,Shopify
1998623,"L / Vintage Charcoal Premium Hoodie ""Pursuit of Sweetness""",No,,,,39572536066126,9326039,,,5,Shopify
1998618,"M / Tavern Green Premium Hoodie ""Pursuit of Sweetness"" Tavern Green",No,,,,39573063532622,9326044,,,5,Shopify
1998617,"L / Tavern Green Premium Hoodie ""Pursuit of Sweetness"" Tavern Green",No,,,,39573063630926,9326045,,Sweatshirts,5,Shopify
1998586,"L / Emerald Green Premium T-shirt ""The Rooster""",No,,,,39572552056910,9326076,,,5,Shopify
1998650,"M / Vintage Charcoal Premium Crew Neck ""Pursuit of Sweetness""",No,,,,39572034486350,9326012,,,4,Shopify
1998640,"M / Vintage Sandstone Premium Crew Neck ""The Rooster""",No,,,,39572543373390,9326022,,,4,Shopify
1998638,"M / Vintage Charcoal Premium Crew Neck ""The Rooster""",No,,,,39572543438926,9326024,,,4,Shopify
1998637,"L / Vintage Sandstone Premium Crew Neck ""The Rooster""",No,,,,39572543471694,9326025,,,4,Shopify
1998635,"L / Vintage Charcoal Premium Crew Neck ""The Rooster""",No,,,,39572543537230,9326027,,Sweatshirts,4,Shopify
1998599,"S / Oatmeal Premium T-shirt ""Pursuit of Sweetness""",No,,,,s-oatmeal-premium-t-shirt-pursuit-of-sweetness,9326063,,,4,Shopify
1998593,"XL / Oatmeal Premium T-shirt ""Pursuit of Sweetness""",No,,,,39572565852238,9326069,,,4,Shopify
1998591,"S / Oatmeal Premium T-shirt ""The Rooster""",No,,,,39572551794766,9326071,,,4,Shopify
1998653,"S / Vintage Charcoal Premium Crew Neck ""Pursuit of Sweetness""",No,,,,39572034322510,9326009,,,3,Shopify
1998628,"M / Vintage Sandstone Premium Hoodie ""Pursuit of Sweetness""",No,,,,39572535902286,9326034,,,3,Shopify
1998624,"L / Vintage Green Premium Hoodie ""Pursuit of Sweetness""",No,,,,39572536033358,9326038,,Sweatshirts,3,Shopify
1998598,"S / Emerald Green Premium T-shirt ""Pursuit of Sweetness""",No,,,,39572565688398,9326064,,,3,Shopify
1998590,"S / Emerald Green Premium T-shirt ""The Rooster""",No,,,,39572551860302,9326072,,Clothing Tops,3,Shopify
1998574,Ground (12oz) Gingerbread Cookie Coffee Beans,No,,,,601,9726496,,,3,Shopify
1998403,Large bag Crackerjacks!,No,,,,121,17129670,,,3,Shopify
6913352,Large Gingerbread Cookie *Limited Edition*,No,,,,123,19414518,812064030967,,3,Shopify
1998906,Large Bag Red Velvet Red Velvet Cake,No,,,,0637807B73F228C,4039773,,,2,"ShipBob,Shopify,Amazon"
1998646,"XL / Vintage Sandstone Premium Crew Neck ""Pursuit of Sweetness""",No,,,,39572034715726,9326016,,,2,Shopify
1998625,"L / Vintage Sandstone Premium Hoodie ""Pursuit of Sweetness""",No,,,,39572536000590,9326037,,Sweatshirts,2,Shopify
1998615,"S / Tavern Green Premium Hoodie ""The Rooster"" Tavern Green",No,,,,39573075460174,9326047,,,2,Shopify
1998608,"M / Vintage Sandstone Premium Hoodie Neck ""The Rooster""",No,,,,39572549795918,9326054,,,2,Shopify
1998605,"L / Vintage Sandstone Premium Hoodie Neck ""The Rooster""",No,,,,39572549894222,9326057,,,2,Shopify
1998592,"XL / Emerald Green Premium T-shirt ""Pursuit of Sweetness""",No,,,,39572565885006,9326070,,,2,Shopify
1998753,Small Bag Speculoos Cookie Dough,No,,,,small-bag-speculoos-cookie-dough,3640688,812064030158,,1,Shopify
1998643,"S / Vintage Sandstone Premium Crew Neck ""The Rooster""",No,,,,39572543275086,9326019,,Clothing Tops,1,Shopify
1998632,"XL / Vintage Charcoal Premium Crew Neck ""The Rooster""",No,,,,39572543635534,9326030,,,1,Shopify
1998631,"S / Vintage Sandstone Premium Hoodie ""Pursuit of Sweetness""",No,,,,39572535803982,9326031,,Sweatshirts,1,Shopify
1998619,"S / Tavern Green Premium Hoodie ""Pursuit of Sweetness"" Tavern Green",No,,,,39573063434318,9326043,,Sweatshirts,1,Shopify
1998616,"XL / Tavern Green Premium Hoodie ""Pursuit of Sweetness"" Tavern Green",No,,,,39573063729230,9326046,,,1,Shopify
1998614,"M / Tavern Green Premium Hoodie ""The Rooster"" Tavern Green",No,,,,39573075492942,9326048,,,1,Shopify
1998611,"S / Vintage Sandstone Premium Hoodie Neck ""The Rooster""",No,,,,39572549697614,9326051,,,1,Shopify
1998585,"XL / Oatmeal Premium T-shirt ""The Rooster""",No,,,,39572552089678,9326077,,Clothing Tops,1,Shopify
1998584,"XL / Emerald Green Premium T-shirt ""The Rooster""",No,,,,39572552155214,9326078,,Clothing Tops,1,Shopify
1998905,Red Velvet Small Bag,No,,,,203,4039791,812064030318,,0,"ShipBob,Shopify"
1998903,Small Bag Hazelnut,No,,,,23,3648910,812064030028,,0,"ShipBob,Shopify"
1998902,Small Bag Original,No,,,,25,3648911,812064030042,,0,"ShipBob,Shopify"
1998901,Salted Caramel Small Bag,No,,,,26,3648912,812064030059,,0,"ShipBob,Shopify"
1998900,French Vanilla Small Bag,No,,,,24,3648913,812064030011,,0,"ShipBob,Shopify"
1998896,Natural Sprinkles - Single Sachet King Cake,No,,,,05,6280826,,Marketing Insert,0,Shopify
1998895,Large Bag Butterscotch Toffee,No,,,,108,5835856,,,0,"ShipBob,Shopify,Amazon"
1998894,Small Bag Butterscotch Toffee,No,,,,208,5835877,812064030394,,0,"ShipBob,Shopify"
1998893,Small Bag Italian Sweet Cream,No,,,,206,5835878,812064030349,,0,"ShipBob,Shopify"
1998892,Small Bag Pumpkin Spice,No,,,,29,3738927,812064030134,,0,"ShipBob,Shopify"
1998890,"QuarantineItem_PRYMAL, INC",No,,,,B15A42BAEB3C777,7244717,,,0,ShipBob
1998888,Large bag Original 10.00% Off Auto renew,No,,,,large-bag-original-10-00-off-auto-renew-1-2,7455528,,,0,Shopify
1998886,Winter Edition Variety Pack,No,,,,080,3771829,00812064030271,,0,Shopify
1998885,Holiday Card,No,,,,31357346676814,3777431,,Marketing Insert,0,Shopify
1998879,Classic Cinnamon Toast Oatmeal,No,,,,45,6424072,,,0,Shopify
1998878,Less-Carb Cinnamon Toast Oatmeal,No,,,,46,6424073,,,0,Shopify
1998877,Classic French Toast Oatmeal,No,,,,41,6424074,,,0,Shopify
1998876,Less-Carb French Toast Oatmeal,No,,,,42,6424075,,,0,Shopify
1998874,Classic Fruit Loops Oatmeal,No,,,,43,6424077,,,0,Shopify
1998793,Small Bag Peppermint Mocha,No,,,,small-bag-peppermint-mocha-1,3715754,812064030165,,0,Shopify
1998789,Small Bag (5 cups) King Cake,No,,,,small-bag-5-cups-king-cake-1,4044445,812064030301,,0,Shopify
1998788,Small Bag Butter Pecan  10.00% Off Auto renew,No,,,,small-bag-butter-pecan-10-00-off-auto-renew,4101394,,,0,Shopify
1998782,Large bag Vanilla Bean 10.00% Off Auto renew,No,,,,large-bag-vanilla-bean-10-00-off-auto-renew-1-2,4348567,,,0,Shopify
1998779,Black Aerolatte Milk Frother,No,,,,black-aerolatte-milk-frother-1-2,3640647,5039179001056,,0,Shopify
1998776,Small Bag Birthday Cake,No,,,,small-bag-birthday-cake,3640650,812064030004,,0,Shopify
1998774,Small Bag Butter Pecan  10.00% Off Auto renew,No,,,,small-bag-butter-pecan-10-00-off-auto-renew-1,3640660,,,0,Shopify
1998771,Small bag Cinnamon Dolce,No,,,,small-bag-cinnamon-dolce,3640664,812064030226,,0,Shopify
1998761,Large Bag Peppermint Mocha,No,,,,107,3640676,812064030172,,0,"Shopify,Amazon"
1998663,French Toast   **Limited Edition**,No,,,,114,8122206,812064030745,,0,Shopify
1998662,Large bag Original 10.00% Off Auto renew,No,,,,large-bag-original-10-00-off-auto-renew-1-2-3-4-5,8751123,,,0,Shopify
1998661,Butter Pecan Small Bag,No,,,,406,9014364,,,0,Shopify
1998659,Large Bag Cinnamon Dolce 10.00% Off Auto renew,No,,,,large-bag-cinnamon-dolce-10-00-off-auto-renew-1,9325990,,,0,Shopify
1998658,Small bag Cinnamon Dolce 10.00% Off Auto renew,No,,,,small-bag-cinnamon-dolce-10-00-off-auto-renew-1,9325991,,,0,Shopify
1998657,Large bag Original 10.00% Off Auto renew,No,,,,large-bag-original-10-00-off-auto-renew-1-2-3-4-5-6,9326005,,,0,Shopify
1998656,Small bag (5-8 cups of coffee) Original 10.00% Off Auto renew,No,,,,small-bag-5-8-cups-of-coffee-original-10-00-off-au-31f7160f8a1f86c,9326006,,,0,Shopify
1998655,"S / Vintage Sandstone Premium Crew Neck ""Pursuit of Sweetness""",No,,,,39572034256974,9326007,,Sweatshirts,0,Shopify
1998654,"S / Vintage Green Premium Crew Neck ""Pursuit of Sweetness""",No,,,,39572034289742,9326008,,,0,Shopify
1998652,"M / Vintage Sandstone Premium Crew Neck ""Pursuit of Sweetness""",No,,,,m-vintage-sandstone-premium-crew-neck-pursuit-of-s-5f5a3b1346b6c3f,9326010,,Sweatshirts,0,Shopify
1998651,"M / Vintage Green Premium Crew Neck ""Pursuit of Sweetness""",No,,,,39572034388046,9326011,,Sweatshirts,0,Shopify
1998648,"L / Vintage Green Premium Crew Neck ""Pursuit of Sweetness""",No,,,,39572034617422,9326014,,Sweatshirts,0,Shopify
1998645,"XL / Vintage Green Premium Crew Neck ""Pursuit of Sweetness""",No,,,,39572034748494,9326017,,Sweatshirts,0,Shopify
1998644,"XL / Vintage Charcoal Premium Crew Neck ""Pursuit of Sweetness""",No,,,,39572034781262,9326018,,,0,Shopify
1998642,"S / Vintage Green Premium Crew Neck ""The Rooster""",No,,,,39572543307854,9326020,,,0,Shopify
1998641,"S / Vintage Charcoal Premium Crew Neck ""The Rooster""",No,,,,39572543340622,9326021,,Sweatshirts,0,Shopify
1998636,"L / Vintage Green Premium Crew Neck ""The Rooster""",No,,,,39572543504462,9326026,,,0,Shopify
1998634,"XL / Vintage Sandstone Premium Crew Neck ""The Rooster""",No,,,,39572543569998,9326028,,Sweatshirts,0,Shopify
1998630,"S / Vintage Green Premium Hoodie ""Pursuit of Sweetness""",No,,,,39572535836750,9326032,,Sweatshirts,0,Shopify
1998629,"S / Vintage Charcoal Premium Hoodie ""Pursuit of Sweetness""",No,,,,39572535869518,9326033,,,0,Shopify
1998622,"XL / Vintage Sandstone Premium Hoodie ""Pursuit of Sweetness""",No,,,,39572536098894,9326040,,Sweatshirts,0,Shopify
1998621,"XL / Vintage Green Premium Hoodie ""Pursuit of Sweetness""",No,,,,39572536131662,9326041,,Sweatshirts,0,Shopify
1998620,"XL / Vintage Charcoal Premium Hoodie ""Pursuit of Sweetness""",No,,,,39572536164430,9326042,,,0,Shopify
1998613,"L / Tavern Green Premium Hoodie ""The Rooster"" Tavern Green",No,,,,39573075525710,9326049,,,0,Shopify
1998612,"XL / Tavern Green Premium Hoodie ""The Rooster"" Tavern Green",No,,,,39573075558478,9326050,,Sweatshirts,0,Shopify
1998610,"S / Vintage Green Premium Hoodie Neck ""The Rooster""",No,,,,39572549730382,9326052,,,0,Shopify
1998609,"S / Vintage Charcoal Premium Hoodie Neck ""The Rooster""",No,,,,39572549763150,9326053,,,0,Shopify
1998602,"XL / Vintage Sandstone Premium Hoodie Neck ""The Rooster""",No,,,,39572549992526,9326060,,,0,Shopify
1998601,"XL / Vintage Green Premium Hoodie Neck ""The Rooster""",No,,,,39572550025294,9326061,,Sweatshirts,0,Shopify
1998600,"XL / Vintage Charcoal Premium Hoodie Neck ""The Rooster""",No,,,,39572550058062,9326062,,,0,Shopify
1998583,Large Bag Birthday Cake 10.00% Off Auto renew,No,,,,large-bag-birthday-cake-10-00-off-auto-renew-1-2-3,9596637,,,0,Shopify
1998582,Small Bag Birthday Cake 10.00% Off Auto renew,No,,,,small-bag-birthday-cake-10-00-off-auto-renew-1-2-3,9596641,,,0,Shopify
1998581,Large bag Butter Pecan 10.00% Off Auto renew,No,,,,large-bag-butter-pecan-10-00-off-auto-renew-1-2,9596645,,,0,Shopify
1998580,Small Bag Butter Pecan 10.00% Off Auto renew,No,,,,small-bag-butter-pecan-10-00-off-auto-renew-1-2,9596649,,,0,Shopify
1998579,Large Bag Cacao Mocha 10.00% Off Auto renew,No,,,,large-bag-cacao-mocha-10-00-off-auto-renew-1-2-3,9596652,,,0,Shopify
1998578,Small Bag Italian Sweet Cream 10.00% Off Auto renew,No,,,,small-bag-italian-sweet-cream-10-00-off-auto-renew,9596671,,,0,Shopify
1998577,Large Bag Italian Sweet Cream 10.00% Off Auto renew,No,,,,large-bag-italian-sweet-cream-10-00-off-auto-renew,9596673,,,0,Shopify
1998576,Large bag Salted Caramel 10.00% Off Auto renew,No,,,,large-bag-salted-caramel-10-00-off-auto-renew-1-2-3,9596779,,,0,Shopify
1998575,Large bag Vanilla Bean 10.00% Off Auto renew,No,,,,large-bag-vanilla-bean-10-00-off-auto-renew-1-2-3,9596786,,,0,Shopify
1998571,Large bag Butter Pecan (Vegan),No,,,,51,9739620,,,0,Shopify
1998570,Large Bag Cacao Mocha (Vegan),No,,,,50,9739621,,,0,Shopify
1998569,Large Bag Birthday Cake 10.00% Off Auto renew,No,,,,large-bag-birthday-cake-10-00-off-auto-renew-1-2-3-f3fb0f01969aed5-7,10466943,,,0,Shopify
1998568,Small Bag Birthday Cake 10.00% Off Auto renew,No,,,,small-bag-birthday-cake-10-00-off-auto-renew-1-2-3-21ef76877c95582-6,10466944,,,0,Shopify
1998567,Large Bag Birthday Cake 10.00% Off Auto renew,No,,,,large-bag-birthday-cake-10-00-off-auto-renew-1-2-3-4,10466945,,,0,Shopify
1998566,Small Bag Birthday Cake 10.00% Off Auto renew,No,,,,small-bag-birthday-cake-10-00-off-auto-renew-1-2-3-4,10466946,,,0,Shopify
1998565,Large bag Butter Pecan (Vegan Oat Creamer) 10.00% Off Auto renew,No,,,,large-bag-butter-pecan-vegan-oat-creamer-10-00-off-783cc8d33655621,10466947,,,0,Shopify
1998564,Large Bag Cacao Mocha (Vegan Oat Creamer) 10.00% Off Auto renew,No,,,,large-bag-cacao-mocha-vegan-oat-creamer-10-00-off--8a1002ac54e60e2,10466948,,,0,Shopify
1998563,Ground (12oz) Cinnamon Pecan Coffee Beans 10.00% Off Auto renew,No,,,,ground-12oz-cinnamon-pecan-coffee-beans-10-00-off--8164d0aa1cc9479,10466949,,,0,Shopify
1998562,Whole (12oz) Cinnamon Pecan Coffee Beans 10.00% Off Auto renew,No,,,,whole-12oz-cinnamon-pecan-coffee-beans-10-00-off-a-5002aed96273139,10466950,,,0,Shopify
1998561,K-cup (20 pods) Cinnamon Pecan Coffee Beans 10.00% Off Auto renew,No,,,,k-cup-20-pods-cinnamon-pecan-coffee-beans-10-00-of-f84b144582866c3,10466951,,,0,Shopify
1998560,$40.00 USD Gift Card,No,,,,40-00-usd-gift-card,10466952,,,0,Shopify
1998559,Ground (12oz) Hazelnut Mocha Coffee Beans 10.00% Off Auto renew,No,,,,ground-12oz-hazelnut-mocha-coffee-beans-10-00-off--03391e262df147a,10466953,,,0,Shopify
1998558,Whole (12oz) Hazelnut Mocha Coffee Beans 10.00% Off Auto renew,No,,,,whole-12oz-hazelnut-mocha-coffee-beans-10-00-off-a-c171209c92343ef,10466954,,,0,Shopify
1998556,Ground (12oz) House Blend Coffee Beans 10.00% Off Auto renew,No,,,,ground-12oz-house-blend-coffee-beans-10-00-off-aut-7702f35c9a709c5,10466956,,,0,Shopify
1998555,Whole (12oz) House Blend Coffee Beans 10.00% Off Auto renew,No,,,,whole-12oz-house-blend-coffee-beans-10-00-off-auto-7ea929b803a8364,10466957,,,0,Shopify
1998554,Ground (12oz) House Blend Coffee Beans 8.00% Off Auto renew,No,,,,ground-12oz-house-blend-coffee-beans-8-00-off-auto-b8049842c632b16,10466959,,,0,Shopify
1998553,Whole (12oz) House Blend Coffee Beans 8.00% Off Auto renew,No,,,,whole-12oz-house-blend-coffee-beans-8-00-off-auto--0b1a116fb985c85,10466960,,,0,Shopify
1998552,K-cup (20 pods) House Blend Coffee Beans 8.00% Off Auto renew,No,,,,k-cup-20-pods-house-blend-coffee-beans-8-00-off-au-ad083fcfd633496,10466961,,,0,Shopify
1998551,Large bag Irish Cream **Limited Edition**,No,,,,110,10466962,812064030486,,0,Shopify
1998550,Large Bag Birthday Cake 10.00% Off Auto renew,No,,,,large-bag-birthday-cake-10-00-off-auto-renew-1-2-3-baa54799ecb3d90-5,10886128,,,0,Shopify
1998549,Small Bag Birthday Cake 10.00% Off Auto renew,No,,,,small-bag-birthday-cake-10-00-off-auto-renew-1-2-3-b5dd8ab60bd70cc-5,10886129,,,0,Shopify
1998548,Bundle #6823602 3 Creamer Bundle,No,,,,bundle-6823602-3-creamer-bundle,11614922,,,0,Shopify
1998547,Coconut Caramel Truffle,No,,,,111,11643581,812064030509,,0,Shopify
1998546,Sachet Special Bundle Deal,No,,,,39909669044302,11648373,,,0,Shopify
1998544,"L / Vintage Green Premium Crew Neck ""Pursuit of Sweetness""",No,,,,l-vintage-green-premium-crew-neck-pursuit-of-sweet-d8eb4493bcf4a84,11847221,,,0,Shopify
1998543,"L / Vintage Sandstone Premium Crew Neck ""Pursuit of Sweetness""",No,,,,l-vintage-sandstone-premium-crew-neck-pursuit-of-s-811a03331d71621-1,11847222,,,0,Shopify
1998542,"M / Vintage Charcoal Premium Crew Neck ""Pursuit of Sweetness""",No,,,,m-vintage-charcoal-premium-crew-neck-pursuit-of-sw-402eaea3fc18191,11847223,,,0,Shopify
1998541,"M / Vintage Green Premium Crew Neck ""Pursuit of Sweetness""",No,,,,m-vintage-green-premium-crew-neck-pursuit-of-sweet-f2ac4af83ea80cb,11847224,,,0,Shopify
1998540,"M / Vintage Sandstone Premium Crew Neck ""Pursuit of Sweetness""",No,,,,m-vintage-sandstone-premium-crew-neck-pursuit-of-s-8e4d58a97099033-1,11847225,,,0,Shopify
1998539,"S / Vintage Charcoal Premium Crew Neck ""Pursuit of Sweetness""",No,,,,s-vintage-charcoal-premium-crew-neck-pursuit-of-sw-67c62da9985ab72,11847226,,,0,Shopify
1998538,"S / Vintage Green Premium Crew Neck ""Pursuit of Sweetness""",No,,,,s-vintage-green-premium-crew-neck-pursuit-of-sweet-80d62d79078798e,11847227,,,0,Shopify
1998537,"L / Vintage Charcoal Premium Crew Neck ""Pursuit of Sweetness""",No,,,,l-vintage-charcoal-premium-crew-neck-pursuit-of-sw-4e8a6d7f91a6f42,11847228,,,0,Shopify
1998536,"S / Vintage Sandstone Premium Crew Neck ""Pursuit of Sweetness""",No,,,,s-vintage-sandstone-premium-crew-neck-pursuit-of-s-4d3a75330dd6bca,11847229,,,0,Shopify
1998534,Large Bag Cacao Mocha (Vegan Oat Creamer),No,,,,1014,11847234,,,0,Shopify
1998533,Sachet Special Bundle Deal 2,No,,,,39909671370830,11847236,,,0,Shopify
1998531,Inventory Creamer Bundle,No,,,,inventory-creamer-bundle,11847238,,,0,Shopify
1998530,"XL / Vintage Sandstone Premium Crew Neck ""Pursuit of Sweetness""",No,,,,xl-vintage-sandstone-premium-crew-neck-pursuit-of--09ec492ef4cefb7,11847239,,,0,Shopify
1998529,"XL / Vintage Charcoal Premium Crew Neck ""Pursuit of Sweetness""",No,,,,xl-vintage-charcoal-premium-crew-neck-pursuit-of-s-f529e10c9b30757,11847240,,,0,Shopify
1998528,1-Pack Apple Pie Oatmeal,No,,,,47,11847241,812064030448,,0,Shopify
1998523,"XL / Vintage Green Premium Crew Neck ""Pursuit of Sweetness""",No,,,,xl-vintage-green-premium-crew-neck-pursuit-of-swee-93db84b4546c297,11847248,,,0,Shopify
1998521,Honey Bunches Creamer Stick Pack (1 ct),No,,,,904,11847250,812064030677,,0,Shopify
1998520,French Toast Creamer Stick Pack (1 ct),No,,,,903,11847251,,,0,Shopify
1998517,Salted Caramel Collagen Creamer Stick Pack (1 ct),No,,,,909,11847255,,,0,Shopify
1998516,White Chocolate Mocha Collagen Creamer Stick Pack (1 ct),No,,,,908,11847256,,,0,Shopify
1998515,Fruit Loops Creamer Stick Pack (1 ct),No,,,,901,11847257,812064030646,,0,Shopify
1998514,Creamer Bundle,No,,,,39908214997070,11847258,,,0,Shopify
1998513,Honey Bunches,No,,,,115,11934939,812064030721,,0,Shopify
1998512,1-Pack Fruity Cereal Less-Carb Oatmeal,No,,,,1-pack-fruity-cereal-less-carb-oatmeal,11934941,812064030417,,0,Shopify
1998510,$200.00 USD Gift Card,No,,,,40094366990414,12538245,,,0,Shopify
1998509,$150.00 USD Gift Card,No,,,,40094366957646,12538246,,,0,Shopify
1998506,Less-Carb French Toast Oatmeal,No,,,,less-carb-french-toast-oatmeal,12538260,,,0,Shopify
1998505,Classic French Toast Oatmeal,No,,,,classic-french-toast-oatmeal,12538261,,,0,Shopify
1998503,Individual Serving Size Sachet Original,No,,,,individual-serving-size-sachet-original,12840198,40155924627534,,0,Shopify
1998502,Sachet 10-pack Birthday Cake 10.00% Off Auto renew,No,,,,sachet-10-pack-birthday-cake-10-00-off-auto-renew,13238742,,,0,Shopify
1998501,Single Serve Sachet (1 ct) Birthday Cake 10.00% Off Auto renew,No,,,,single-serve-sachet-1-ct-birthday-cake-10-00-off-a-16f00fbb081b380,13238743,,,0,Shopify
1998500,Large Bag Birthday Cake 10.00% Off Auto renew,No,,,,large-bag-birthday-cake-10-00-off-auto-renew-1-2-3-db8ce993f857caa-6,13238744,,,0,Shopify
1998499,Single Serve Sachet (1 ct) Original 10.00% Off Auto renew,No,,,,single-serve-sachet-1-ct-original-10-00-off-auto-r-965db7c97b407aa,13238745,,,0,Shopify
1998498,Small Bag Original 10.00% Off Auto renew,No,,,,small-bag-original-10-00-off-auto-renew,13238746,,,0,Shopify
1998497,Large bag Original 10.00% Off Auto renew,No,,,,large-bag-original-10-00-off-auto-renew-1-2-3-4-5--95ac91630f878cd-7,13238747,,,0,Shopify
1998496,Single Serve 10-Pack Butter Pecan 10.00% Off Auto renew,No,,,,single-serve-10-pack-butter-pecan-10-00-off-auto-r-7308164af5e2deb,13238748,,,0,Shopify
1998495,Single Serve Sachet (1 ct) Butter Pecan 10.00% Off Auto renew,No,,,,single-serve-sachet-1-ct-butter-pecan-10-00-off-au-1a500030eb8e3e8,13238749,,,0,Shopify
1998494,Large bag Butter Pecan 10.00% Off Auto renew,No,,,,large-bag-butter-pecan-10-00-off-auto-renew-1-2-3,13238750,,,0,Shopify
1998493,3-Pack Whole (36oz) Cinnamon Pecan Coffee Beans 10.00% Off Auto renew,No,,,,3-pack-whole-36oz-cinnamon-pecan-coffee-beans-10-0-e48b9428a19c0be,13238751,,,0,Shopify
1998492,3-Pack Ground (36oz) Cinnamon Pecan Coffee Beans 10.00% Off Auto renew,No,,,,3-pack-ground-36oz-cinnamon-pecan-coffee-beans-10--66ac11a257e8739,13238752,,,0,Shopify
1998491,K-cup (20 pods) Cinnamon Pecan Coffee Beans 10.00% Off Auto renew,No,,,,k-cup-20-pods-cinnamon-pecan-coffee-beans-10-00-of-6184cf324bae313-1,13238753,,,0,Shopify
1998490,Whole (12oz) Cinnamon Pecan Coffee Beans 10.00% Off Auto renew,No,,,,whole-12oz-cinnamon-pecan-coffee-beans-10-00-off-a-dcadbddcc64e20d-1,13238754,,,0,Shopify
1998489,Ground (12oz) Cinnamon Pecan Coffee Beans 10.00% Off Auto renew,No,,,,ground-12oz-cinnamon-pecan-coffee-beans-10-00-off--a6e91dd4ebda300-1,13238755,,,0,Shopify
1998488,3-Pack Ground (36oz) Hazelnut Mocha Coffee Beans 10.00% Off Auto renew,No,,,,3-pack-ground-36oz-hazelnut-mocha-coffee-beans-10--c1e4804e7c9ce4e,13238756,,,0,Shopify
1998487,3-Pack Whole (36oz) Hazelnut Mocha Coffee Beans 10.00% Off Auto renew,No,,,,3-pack-whole-36oz-hazelnut-mocha-coffee-beans-10-0-0292471bc1bbbad,13238757,,,0,Shopify
1998485,Whole (12oz) Hazelnut Mocha Coffee Beans 10.00% Off Auto renew,No,,,,whole-12oz-hazelnut-mocha-coffee-beans-10-00-off-a-8f395349f864596-1,13238759,,,0,Shopify
1998484,Ground (12oz) Hazelnut Mocha Coffee Beans 10.00% Off Auto renew,No,,,,ground-12oz-hazelnut-mocha-coffee-beans-10-00-off--177f902515c8695-1,13238760,,,0,Shopify
1998483,3-Pack Ground (36oz) House Blend Coffee Beans 10.00% Off Auto renew,No,,,,3-pack-ground-36oz-house-blend-coffee-beans-10-00--59619b44d4449f8,13238761,,,0,Shopify
1998482,3-Pack Whole (36oz) House Blend Coffee Beans 10.00% Off Auto renew,No,,,,3-pack-whole-36oz-house-blend-coffee-beans-10-00-o-db97a4d07711661,13238762,,,0,Shopify
1998481,K-cup (20 pods) House Blend Coffee Beans 10.00% Off Auto renew,No,,,,k-cup-20-pods-house-blend-coffee-beans-10-00-off-a-9fa1b0481f28a96,13238763,,,0,Shopify
1998480,Whole (12oz) House Blend Coffee Beans 10.00% Off Auto renew,No,,,,whole-12oz-house-blend-coffee-beans-10-00-off-auto-ad537799d7fb30e-1,13238764,,,0,Shopify
1998479,Ground (12oz) House Blend Coffee Beans 10.00% Off Auto renew,No,,,,ground-12oz-house-blend-coffee-beans-10-00-off-aut-444399aa73f5959-1,13238765,,,0,Shopify
1998478,Single Serve 10-Pack Vanilla Bean 10.00% Off Auto renew,No,,,,single-serve-10-pack-vanilla-bean-10-00-off-auto-r-5049f20de6669d2,13238766,,,0,Shopify
1998477,Single Serve Sachet (1 ct) Vanilla Bean 10.00% Off Auto renew,No,,,,single-serve-sachet-1-ct-vanilla-bean-10-00-off-au-afaeb8df13f8940,13238767,,,0,Shopify
1998476,Large bag Vanilla Bean 10.00% Off Auto renew,No,,,,large-bag-vanilla-bean-10-00-off-auto-renew-1-2-3-4,13238768,,,0,Shopify
1998475,Sachet 10-Pack Salted Caramel 10.00% Off Auto renew,No,,,,sachet-10-pack-salted-caramel-10-00-off-auto-renew,13238769,,,0,Shopify
1998474,Single Serve Sachet (1 ct) Salted Caramel 10.00% Off Auto renew,No,,,,single-serve-sachet-1-ct-salted-caramel-10-00-off--e490207a4ac321b,13238770,,,0,Shopify
1998473,Large bag Salted Caramel 10.00% Off Auto renew,No,,,,large-bag-salted-caramel-10-00-off-auto-renew-1-2--3e83e0f3de0ebe9-4,13238771,,,0,Shopify
1998471,Large Bag Carrot Cake,No,,,,118,13889101,812064030769,,0,Shopify
1998469,Large Bag Nutella Latte,No,,,,119,14423625,812064030806,,0,Shopify
1998467,3-Pack Whole (36oz) Cinnamon Pecan Coffee Beans 10.00% Off Auto renew,No,,,,3-pack-whole-36oz-cinnamon-pecan-coffee-beans-10-0-9f76b64dd8dd80e-1,14423627,,,0,Shopify
1998466,3-Pack Ground (36oz) Cinnamon Pecan Coffee Beans 10.00% Off Auto renew,No,,,,3-pack-ground-36oz-cinnamon-pecan-coffee-beans-10--5dbf12612be69f1-1,14423628,,,0,Shopify
1998465,K-cup (20 pods) Cinnamon Pecan Coffee Beans 10.00% Off Auto renew,No,,,,k-cup-20-pods-cinnamon-pecan-coffee-beans-10-00-of-d145ec813d59a69-2,14423629,,,0,Shopify
1998463,Ground (12oz) Cinnamon Pecan Coffee Beans 10.00% Off Auto renew,No,,,,ground-12oz-cinnamon-pecan-coffee-beans-10-00-off--3e15257b2abca40-2,14423631,,,0,Shopify
1998461,Large Bag S'mores,No,,,,120,14914917,812064030790,,0,Shopify
1998460,1-Pack Apple Pie Less-Carb Oatmeal,No,,,,48,15002425,812064030455,,0,Shopify
1998459,Single Serve Sachet (1 ct) Original 10.00% Off Auto renew,No,,,,single-serve-sachet-1-ct-original-10-00-off-auto-r-d463d6d7457a792-1,15424405,,,0,Shopify
1998458,Large bag Original 10.00% Off Auto renew,No,,,,large-bag-original-10-00-off-auto-renew-1-2-3-4-5--bd8618afcd66165-8,15424406,,,0,Shopify
1998453,XL / Mystery Mystery Shirt,No,,,,xl-mystery-mystery-shirt,16018840,,,0,Shopify
1998449,XL / Mystery Mystery Sweater,No,,,,xl-mystery-mystery-sweater,16018844,,,0,Shopify
1998446,S / Mystery Mystery Sweater,No,,,,s-mystery-mystery-sweater,16018847,,,0,Shopify
1998444,Bulk 2.5lb Bag Butter Pecan 10.00% Off Auto renew,No,,,,bulk-2-5lb-bag-butter-pecan-10-00-off-auto-renew,16018849,,,0,Shopify
1998443,Single Serve 10-Pack Butter Pecan 10.00% Off Auto renew,No,,,,single-serve-10-pack-butter-pecan-10-00-off-auto-r-3a7323be4319cf9-1,16018850,,,0,Shopify
1998442,Single Serve Sachet (1 ct) Butter Pecan 10.00% Off Auto renew,No,,,,single-serve-sachet-1-ct-butter-pecan-10-00-off-au-80a47508034a06f-1,16018851,,,0,Shopify
1998441,Large bag Butter Pecan 10.00% Off Auto renew,No,,,,large-bag-butter-pecan-10-00-off-auto-renew-1-2-3-4,16018852,,,0,Shopify
1998440,Bulk 2.5lb Bag Butter Pecan 10.00% Off Auto renew,No,,,,bulk-2-5lb-bag-butter-pecan-10-00-off-auto-renew-1,16018853,,,0,Shopify
1998439,Single Serve 10-Pack Butter Pecan 10.00% Off Auto renew,No,,,,single-serve-10-pack-butter-pecan-10-00-off-auto-r-ffe246cdb5b6fd9-2,16018854,,,0,Shopify
1998438,Single Serve Sachet (1 ct) Butter Pecan 10.00% Off Auto renew,No,,,,single-serve-sachet-1-ct-butter-pecan-10-00-off-au-8032e5cb47c4e4e-2,16018855,,,0,Shopify
1998437,Large bag Butter Pecan 10.00% Off Auto renew,No,,,,large-bag-butter-pecan-10-00-off-auto-renew-1-2-3--2e1b24b5ed21426-5,16018856,,,0,Shopify
1998436,Bulk 2.5lb Bag Vanilla Bean 10.00% Off Auto renew,No,,,,bulk-2-5lb-bag-vanilla-bean-10-00-off-auto-renew,16018857,,,0,Shopify
1998435,Single Serve 10-Pack Vanilla Bean 10.00% Off Auto renew,No,,,,single-serve-10-pack-vanilla-bean-10-00-off-auto-r-3f93271f3a24cef-1,16018858,,,0,Shopify
1998434,Single Serve Sachet (1 ct) Vanilla Bean 10.00% Off Auto renew,No,,,,single-serve-sachet-1-ct-vanilla-bean-10-00-off-au-e0abcdd16da88d2-1,16018859,,,0,Shopify
1998433,Large bag Vanilla Bean 10.00% Off Auto renew,No,,,,large-bag-vanilla-bean-10-00-off-auto-renew-1-2-3--6aeae088f5261b4-5,16018860,,,0,Shopify
1998432,Bulk 2.5lb Bag Salted Caramel 10.00% Off Auto renew,No,,,,bulk-2-5lb-bag-salted-caramel-10-00-off-auto-renew,16018861,,,0,Shopify
1998431,Sachet 10-Pack Salted Caramel 10.00% Off Auto renew,No,,,,sachet-10-pack-salted-caramel-10-00-off-auto-renew-1,16018862,,,0,Shopify
1998430,Single Serve Sachet (1 ct) Salted Caramel 10.00% Off Auto renew,No,,,,single-serve-sachet-1-ct-salted-caramel-10-00-off--c864c887041c566-1,16018863,,,0,Shopify
1998429,Large bag Salted Caramel 10.00% Off Auto renew,No,,,,large-bag-salted-caramel-10-00-off-auto-renew-1-2--e9a07dc44cf384d-5,16018864,,,0,Shopify
1998428,Bulk 2.5lb Bag Salted Caramel 10.00% Off Auto renew,No,,,,bulk-2-5lb-bag-salted-caramel-10-00-off-auto-renew-1,16018865,,,0,Shopify
1998427,Sachet 10-Pack Salted Caramel 10.00% Off Auto renew,No,,,,sachet-10-pack-salted-caramel-10-00-off-auto-renew-cf4bf3c86527d4f-2,16018866,,,0,Shopify
1998426,Single Serve Sachet (1 ct) Salted Caramel 10.00% Off Auto renew,No,,,,single-serve-sachet-1-ct-salted-caramel-10-00-off--d148a368890d062-2,16018867,,,0,Shopify
1998425,Large bag Salted Caramel 10.00% Off Auto renew,No,,,,large-bag-salted-caramel-10-00-off-auto-renew-1-2--358264459878934-6,16018868,,,0,Shopify
1998421,Single Serve 10-Pack Butter Pecan 10.00% Off Auto renew,No,,,,single-serve-10-pack-butter-pecan-10-00-off-auto-r-383a07ada81c35b-3,16837622,,,0,Shopify
1998419,Individual Serving Size Sachet Birthday Cake 10.00% Off Auto renew,No,,,,911,16837624,,,0,Shopify
1998418,Sachet 10-pack Birthday Cake 10.00% Off Auto renew,No,,,,sachet-10-pack-birthday-cake-10-00-off-auto-renew-1,16837625,,,0,Shopify
1998417,Large bag Butter Pecan (Vegan Oat Creamer) 10.00% Off Auto renew,No,,,,large-bag-butter-pecan-vegan-oat-creamer-10-00-off-2d9616a81e3aaf3-1,16837627,,,0,Shopify
1998415,Sachet 10-Pack Salted Caramel 10.00% Off Auto renew,No,,,,sachet-10-pack-salted-caramel-10-00-off-auto-renew-40f6d9977fa84de-3,16837630,,,0,Shopify
1998413,Individual Serving Size Sachet Original 10.00% Off Auto renew,No,,,,96,16837632,,,0,Shopify
1998412,Single Serve 10-Pack Original 10.00% Off Auto renew,No,,,,40503197728846,16837633,,,0,Shopify
1998411,Individual Serving Size Sachet French Vanilla 10.00% Off Auto renew,No,,,,individual-serving-size-sachet-french-vanilla-10-0-a3e1a21523d1d45,16837635,,,0,Shopify
1998409,Single Serve 10-Pack French Vanilla 10.00% Off Auto renew,No,,,,single-serve-10-pack-french-vanilla-10-00-off-auto-5d9daaf86a7ef11,16837637,,,0,Shopify
1998407,Individual Serving Size Sachet Vanilla Bean 10.00% Off Auto renew,No,,,,individual-serving-size-sachet-vanilla-bean-10-00--e40834ac6e5a107,16837639,,,0,Shopify
1998406,Bulk 2.5lb Bag Vanilla Bean 10.00% Off Auto renew,No,,,,bulk-2-5lb-bag-vanilla-bean-10-00-off-auto-renew-1,16837640,,,0,Shopify
1998405,Single Serve 10-Pack Vanilla Bean 10.00% Off Auto renew,No,,,,single-serve-10-pack-vanilla-bean-10-00-off-auto-r-f43b73ea1de422c-2,16837641,,,0,Shopify
1998402,Route Package Protection - $0.98,No,,,,route-package-protection-0-98,17135705,,,0,Shopify
1998401,Route Package Protection - $1.55,No,,,,route-package-protection-1-55,17140541,,,0,Shopify
3296837,Single Serve 10-Pack White Chocolate Mocha,No,,,,113,18105709,,,0,Shopify
3296770,Individual Serving Size Sachet Coconut Caramel Truffle,No,,,,90,18105783,,,0,Shopify
4561472,Sachet 10-Pack Blueberry Pancakes,No,,,,923,18926277,,,0,Shopify
5399645,Individual Serving Sachet Size Peppermint Mocha,No,,,,99,19238499,,,0,Shopify
6779564,$10.00 USD Gift Card,No,,,,29420899926059,19413371,,,0,Shopify
6977413,Large Gingerbread Cookie Gift *Limited Edition*,No,,,,124,19457800,,,0,Shopify
