"Product variant code / SKU (required)","Product variant name","Product supplier item code","Product internal barcode","Product registered barcode","Ingredient variant code / SKU (required)","Ingredient variant name","Ingredient supplier item code","Ingredient internal barcode","Ingredient registered barcode","Notes","Quantity (required)","Unit of measure","Stock cost on 2025-02-15"
"9739620","Butter Pecan (Vegan)",,,,"M-17","Mct Powder w Acacia",,,,"",117.44,"g",0.0144182437
"9739620","Butter Pecan (Vegan)",,,,"M-16","Instant Oat Milk Powder",,,,"",58.88,"g",0.0099428561
"9739620","Butter Pecan (Vegan)",,,,"M-10","Ketosweet",,,,"",43.2,"g",0
"9739620","Butter Pecan (Vegan)",,,,"M-5","Coconut Milk Powder",,,,"",24,"g",0.0092594226
"9739620","Butter Pecan (Vegan)",,,,"M-3","Erythritol",,,,"",16,"g",0.0044092488
"9739620","Butter Pecan (Vegan)",,,,"M-4","Avalanche Ultra",,,,"",26.56,"g",0.0375226809
"9739620","Butter Pecan (Vegan)",,,,"M-7","Himalayan Pink Salt",,,,"",3.84,"g",0.0024250869
"9739620","Butter Pecan (Vegan)",,,,"F-4","Butter Pecan 5517B",,,,"",29.76,"g",0.0326284414
"9739621","Cacao Mocha (Vegan)",,,,"M-17","Mct Powder w Acacia",,,,"",117.44,"g",0.0144182437
"9739621","Cacao Mocha (Vegan)",,,,"M-16","Instant Oat Milk Powder",,,,"",58.88,"g",0.0099428561
"9739621","Cacao Mocha (Vegan)",,,,"M-10","Ketosweet",,,,"",58.56,"g",0
"9739621","Cacao Mocha (Vegan)",,,,"M-5","Coconut Milk Powder",,,,"",26.56,"g",0.0092594226
"9739621","Cacao Mocha (Vegan)",,,,"M-3","Erythritol",,,,"",16.64,"g",0.0044092488
"9739621","Cacao Mocha (Vegan)",,,,"F-7","Chocolate Nat WONF 4721B",,,,"",24.96,"g",0.028439655
"9739621","Cacao Mocha (Vegan)",,,,"M-18","Organic Cacao Powder",,,,"",16.64,"g",0.0115758903
"9739621","Cacao Mocha (Vegan)",,,,"P-39","Vegan Cacao Mocha 320g Pouches",,,,"",1,"pcs",0
"555","French Toast Creamer / Large Bag",,,,"M-1","Vital Blend MCT",,,,"",44.8,"g",0.0120372493
"555","French Toast Creamer / Large Bag",,,,"M-2","   Vital Blend Coconut II",,,,"",100.5,"g",0.0074516305
"555","French Toast Creamer / Large Bag",,,,"M - 27","Reb M 90 Stevia Sugarcane (NEW)",,,,"",0.63625,"g",0.195
"555","French Toast Creamer / Large Bag",,,,"M-5","Coconut Milk Powder",,,,"",41.6,"g",0.0092594226
"555","French Toast Creamer / Large Bag",,,,"M-3","Erythritol",,,,"",75.7125,"g",0.0044092488
"555","French Toast Creamer / Large Bag",,,,"F-10","French Toast type Nat 7772B",,,,"",18.6592,"g",0.0317465917
"555","French Toast Creamer / Large Bag",,,,"M-4","Avalanche Ultra",,,,"",33.264,"g",0.0375226809
"555","French Toast Creamer / Large Bag",,,,"M-7","Himalayan Pink Salt",,,,"",5.04,"g",0.0024250869
"555","French Toast Creamer / Large Bag",,,,"P - 41","French Toast 320g Pouches",,,,"",1,"pcs",0.4786
"6424076","Fruit Loops Cereal Milk / Large bag",,,,"M-1","Vital Blend MCT",,,,"",47.36,"g",0.0120372493
"6424076","Fruit Loops Cereal Milk / Large bag",,,,"M-2","   Vital Blend Coconut II",,,,"",126.72,"g",0.0074516305
"6424076","Fruit Loops Cereal Milk / Large bag",,,,"M - 27","Reb M 90 Stevia Sugarcane (NEW)",,,,"",0.614,"g",0.195
"6424076","Fruit Loops Cereal Milk / Large bag",,,,"M-5","Coconut Milk Powder",,,,"",32,"g",0.0092594226
"6424076","Fruit Loops Cereal Milk / Large bag",,,,"M-3","Erythritol",,,,"",73.977,"g",0.0044092488
"6424076","Fruit Loops Cereal Milk / Large bag",,,,"F-20","Fruit Cereal type Nat 7774B",,,,"",36.96,"g",0.0293215048
"6424076","Fruit Loops Cereal Milk / Large bag",,,,"M-7","Himalayan Pink Salt",,,,"",3.024,"g",0.0024250869
"6424077","Fruit Loops Oatmeal",,,,"M-1","Vital Blend MCT",,,,"",14.208,"g",0.0120372493
"6424077","Fruit Loops Oatmeal",,,,"M-2","   Vital Blend Coconut II",,,,"",38.016,"g",0.0074516305
"6424077","Fruit Loops Oatmeal",,,,"M - 27","Reb M 90 Stevia Sugarcane (NEW)",,,,"",0.18424,"g",0.195
"6424077","Fruit Loops Oatmeal",,,,"M-5","Coconut Milk Powder",,,,"",9.6,"g",0.0092594226
"6424077","Fruit Loops Oatmeal",,,,"M-3","Erythritol",,,,"",22.1931,"g",0.0044092488
"6424077","Fruit Loops Oatmeal",,,,"F-20","Fruit Cereal type Nat 7774B",,,,"",11.088,"g",0.0293215048
"6424077","Fruit Loops Oatmeal",,,,"M-7","Himalayan Pink Salt",,,,"",0.9072,"g",0.0024250869
"6424077","Fruit Loops Oatmeal",,,,"m-28","Avena Rolled Oats",,,,"",203.8,"g",0
"3640685","Salted Caramel/Large Bag",,,,"M-2","   Vital Blend Coconut II",,,,"",105,"g",0.0074516305
"3640685","Salted Caramel/Large Bag",,,,"M-30","[M-30] Vital Blend MCT NG *NEW*",,,,"",44.8,"g",0.0149694658
"3640685","Salted Caramel/Large Bag",,,,"f-40","Caramel 9913B (3x concentration)",,,,"",12.5664,"g",0.0656978077
"3640685","Salted Caramel/Large Bag",,,,"M-4","Avalanche Ultra",,,,"",33.6,"g",0.0375226809
"3640685","Salted Caramel/Large Bag",,,,"M-5","Coconut Milk Powder",,,,"",42,"g",0.0092594226
"3640685","Salted Caramel/Large Bag",,,,"M - 27","Reb M 90 Stevia Sugarcane (NEW)",,,,"",0.68837,"g",0.195
"3640685","Salted Caramel/Large Bag",,,,"M-3","Erythritol",,,,"",77,"g",0.0044092488
"3640685","Salted Caramel/Large Bag",,,,"M-7","Himalayan Pink Salt",,,,"",5.04,"g",0.0024250869
"3640685","Salted Caramel/Large Bag",,,,"p-64","salted caramel SUP (velcro)",,,,"",1,"pcs",0.40655
"3640649","Birthday Cake/ Large Bag",,,,"M-2","   Vital Blend Coconut II",,,,"",100.48,"g",0.0074516305
"3640649","Birthday Cake/ Large Bag",,,,"M - 27","Reb M 90 Stevia Sugarcane (NEW)",,,,"",0.675,"g",0.195
"3640649","Birthday Cake/ Large Bag",,,,"M-30","[M-30] Vital Blend MCT NG *NEW*",,,,"",49.28,"g",0.0149694658
"3640649","Birthday Cake/ Large Bag",,,,"F-2","Birthday Cake 5660B",,,,"",20.8,"g",0.0381400025
"3640649","Birthday Cake/ Large Bag",,,,"M-4","Avalanche Ultra",,,,"",32.32,"g",0.0375226809
"3640649","Birthday Cake/ Large Bag",,,,"M-5","Coconut Milk Powder",,,,"",38.4,"g",0.0092594226
"3640649","Birthday Cake/ Large Bag",,,,"M-3","Erythritol",,,,"",73.53,"g",0.0044092488
"3640649","Birthday Cake/ Large Bag",,,,"M-7","Himalayan Pink Salt",,,,"",4.8,"g",0.0024250869
"3640649","Birthday Cake/ Large Bag",,,,"M-14","Prism Edible Glitter 8Mesh F290095",,,,"",1.92,"g",0.2033325103
"3640649","Birthday Cake/ Large Bag",,,,"p-57","Birthday cake SUP (velcro)",,,,"",1,"pcs",0.40397
"3640650","Birthday Cake/ Small Bag",,,,"M-2","   Vital Blend Coconut II",,,,"",24.64,"g",0.0074516305
"3640650","Birthday Cake/ Small Bag",,,,"M-10","Ketosweet",,,,"",13.04,"g",0
"3640650","Birthday Cake/ Small Bag",,,,"M-1","Vital Blend MCT",,,,"",12.32,"g",0.0120372493
"3640650","Birthday Cake/ Small Bag",,,,"F-2","Birthday Cake 5660B",,,,"",7.68,"g",0.0381400025
"3640650","Birthday Cake/ Small Bag",,,,"M-4","Avalanche Ultra",,,,"",8.08,"g",0.0375226809
"3640650","Birthday Cake/ Small Bag",,,,"M-5","Coconut Milk Powder",,,,"",8.48,"g",0.0092594226
"3640650","Birthday Cake/ Small Bag",,,,"M-3","Erythritol",,,,"",4.88,"g",0.0044092488
"3640650","Birthday Cake/ Small Bag",,,,"M-7","Himalayan Pink Salt",,,,"",0.48,"g",0.0024250869
"3640650","Birthday Cake/ Small Bag",,,,"M-14","Prism Edible Glitter 8Mesh F290095",,,,"",0.48,"g",0.2033325103
"3640650","Birthday Cake/ Small Bag",,,,"P-21","Birthday Cake 80g Pouches",,,,"",1,"pcs",0
"4507871","Blueberry Pancakes / Large Bag",,,,"M-1","Vital Blend MCT",,,,"",43.85,"g",0.0120372493
"4507871","Blueberry Pancakes / Large Bag",,,,"M-2","   Vital Blend Coconut II",,,,"",93.96,"g",0.0074516305
"4507871","Blueberry Pancakes / Large Bag",,,,"M - 27","Reb M 90 Stevia Sugarcane (NEW)",,,,"",0.63,"g",0.195
"4507871","Blueberry Pancakes / Large Bag",,,,"M-5","Coconut Milk Powder",,,,"",29.6,"g",0.0092594226
"4507871","Blueberry Pancakes / Large Bag",,,,"M-3","Erythritol",,,,"",75.28,"g",0.0044092488
"4507871","Blueberry Pancakes / Large Bag",,,,"F-3","BlueBerry Pancake Natural WONF 7025B",,,,"",36.9,"g",0.0286601175
"4507871","Blueberry Pancakes / Large Bag",,,,"M-4","Avalanche Ultra",,,,"",32.88,"g",0.0375226809
"4507871","Blueberry Pancakes / Large Bag",,,,"M-7","Himalayan Pink Salt",,,,"",4.93,"g",0.0024250869
"4507871","Blueberry Pancakes / Large Bag",,,,"p-60","Blueberry Pancakes SUP (velcro)",,,,"",1,"pcs",0.40397
"205","Blueberry Pancakes / Small Bag",,,,"M-1","Vital Blend MCT",,,,"",11.12,"g",0.0120372493
"205","Blueberry Pancakes / Small Bag",,,,"M-2","   Vital Blend Coconut II",,,,"",23.84,"g",0.0074516305
"205","Blueberry Pancakes / Small Bag",,,,"M-10","Ketosweet",,,,"",13.52,"g",0
"205","Blueberry Pancakes / Small Bag",,,,"M-5","Coconut Milk Powder",,,,"",7.52,"g",0.0092594226
"205","Blueberry Pancakes / Small Bag",,,,"M-3","Erythritol",,,,"",5.04,"g",0.0044092488
"205","Blueberry Pancakes / Small Bag",,,,"F-3","BlueBerry Pancake Natural WONF 7025B",,,,"",9.36,"g",0.0286601175
"205","Blueberry Pancakes / Small Bag",,,,"M-4","Avalanche Ultra",,,,"",8.32,"g",0.0375226809
"205","Blueberry Pancakes / Small Bag",,,,"M-7","Himalayan Pink Salt",,,,"",1.28,"g",0.0024250869
"205","Blueberry Pancakes / Small Bag",,,,"P-18","Old Blueberry Pancake 80g Pouches",,,,"",1,"pcs",0
"3640657","Butter Pecan / Large bag",,,,"M-30","[M-30] Vital Blend MCT NG *NEW*",,,,"",44.9,"g",0.0149694658
"3640657","Butter Pecan / Large bag",,,,"M-2","   Vital Blend Coconut II",,,,"",100.6,"g",0.0074516305
"3640657","Butter Pecan / Large bag",,,,"M - 27","Reb M 90 Stevia Sugarcane (NEW)",,,,"",0.61,"g",0.195
"3640657","Butter Pecan / Large bag",,,,"M-5","Coconut Milk Powder",,,,"",37,"g",0.0092594226
"3640657","Butter Pecan / Large bag",,,,"M-3","Erythritol",,,,"",79.66,"g",0.0044092488
"3640657","Butter Pecan / Large bag",,,,"f-38","Butter Pecan 9944B",,,,"",18.7,"g",0.0284271353
"3640657","Butter Pecan / Large bag",,,,"M-4","Avalanche Ultra",,,,"",33.6,"g",0.0375226809
"3640657","Butter Pecan / Large bag",,,,"M-7","Himalayan Pink Salt",,,,"",5.05,"g",0.0024250869
"3640657","Butter Pecan / Large bag",,,,"p-66","butter pecan SUP (velcro)",,,,"",1,"pcs",0.40655
"9014364","Butter Pecan / Small Bag",,,,"M-1","Vital Blend MCT",,,,"",11.12,"g",0.0120372493
"9014364","Butter Pecan / Small Bag",,,,"M-2","   Vital Blend Coconut II",,,,"",23.84,"g",0.0074516305
"9014364","Butter Pecan / Small Bag",,,,"M-10","Ketosweet",,,,"",13.52,"g",0
"9014364","Butter Pecan / Small Bag",,,,"M-5","Coconut Milk Powder",,,,"",7.52,"g",0.0092594226
"9014364","Butter Pecan / Small Bag",,,,"M-3","Erythritol",,,,"",5.04,"g",0.0044092488
"9014364","Butter Pecan / Small Bag",,,,"F-4","Butter Pecan 5517B",,,,"",9.36,"g",0.0326284414
"9014364","Butter Pecan / Small Bag",,,,"M-4","Avalanche Ultra",,,,"",8.32,"g",0.0375226809
"9014364","Butter Pecan / Small Bag",,,,"M-7","Himalayan Pink Salt",,,,"",1.28,"g",0.0024250869
"9014364","Butter Pecan / Small Bag",,,,"P-9","Butter Pecan 80g Pouches",,,,"",1,"pcs",0
"5835856","Butterscotch Toffee *Limited Edition* / Large Bag",,,,"M-1","Vital Blend MCT",,,,"",44.8,"g",0.0120372493
"5835856","Butterscotch Toffee *Limited Edition* / Large Bag",,,,"M-2","   Vital Blend Coconut II",,,,"",96,"g",0.0074516305
"5835856","Butterscotch Toffee *Limited Edition* / Large Bag",,,,"M - 27","Reb M 90 Stevia Sugarcane (NEW)",,,,"",0.608,"g",0.195
"5835856","Butterscotch Toffee *Limited Edition* / Large Bag",,,,"M-5","Coconut Milk Powder",,,,"",32,"g",0.0092594226
"5835856","Butterscotch Toffee *Limited Edition* / Large Bag",,,,"M-3","Erythritol",,,,"",78.72,"g",0.0044092488
"5835856","Butterscotch Toffee *Limited Edition* / Large Bag",,,,"F-5","Butterscotch Toffee NW Flavor 7503B PDR",,,,"",37,"g",0.0535723734
"5835856","Butterscotch Toffee *Limited Edition* / Large Bag",,,,"M-4","Avalanche Ultra",,,,"",33,"g",0.0375226809
"5835856","Butterscotch Toffee *Limited Edition* / Large Bag",,,,"M-7","Himalayan Pink Salt",,,,"",5.04,"g",0.0024250869
"5835856","Butterscotch Toffee *Limited Edition* / Large Bag",,,,"p-54","Butterscotch Toffee Pouches",,,,"",1,"pcs",0.2994
"3640661","Cacao Mocha / Large Bag / Large Bag",,,,"M-30","[M-30] Vital Blend MCT NG *NEW*",,,,"",62.08,"g",0.0149694658
"3640661","Cacao Mocha / Large Bag / Large Bag",,,,"M-2","   Vital Blend Coconut II",,,,"",87.68,"g",0.0074516305
"3640661","Cacao Mocha / Large Bag / Large Bag",,,,"M-5","Coconut Milk Powder",,,,"",31.36,"g",0.0092594226
"3640661","Cacao Mocha / Large Bag / Large Bag",,,,"M - 27","Reb M 90 Stevia Sugarcane (NEW)",,,,"",0.88,"g",0.195
"3640661","Cacao Mocha / Large Bag / Large Bag",,,,"M-3","Erythritol",,,,"",88.15627,"g",0.0044092488
"3640661","Cacao Mocha / Large Bag / Large Bag",,,,"M-18","Organic Cacao Powder",,,,"",19.84,"g",0.0115758903
"3640661","Cacao Mocha / Large Bag / Large Bag",,,,"f-7","Chocolate NAT wonf 4721B",,,,"",29.76,"g",0.028439655
"3640661","Cacao Mocha / Large Bag / Large Bag",,,,"p-56","Cacao Mocha SUP (velcro)",,,,"",1,"pcs",0
"3648909","Cacao Mocha / Small Bag",,,,"M-1","Vital Blend MCT",,,,"",15.68,"g",0.0120372493
"3648909","Cacao Mocha / Small Bag",,,,"M-2","   Vital Blend Coconut II",,,,"",21.92,"g",0.0074516305
"3648909","Cacao Mocha / Small Bag",,,,"M-5","Coconut Milk Powder",,,,"",7.84,"g",0.0092594226
"3648909","Cacao Mocha / Small Bag",,,,"M-10","Ketosweet",,,,"",17.28,"g",0
"3648909","Cacao Mocha / Small Bag",,,,"F-7","Chocolate Nat WONF 4721B",,,,"",7.44,"g",0.028439655
"3648909","Cacao Mocha / Small Bag",,,,"M-3","Erythritol",,,,"",4.96,"g",0.0044092488
"3648909","Cacao Mocha / Small Bag",,,,"M-18","Organic Cacao Powder",,,,"",4.96,"g",0.0115758903
"3640663","Cinnamon Dolce / Large Bag",,,,"M-30","[M-30] Vital Blend MCT NG *NEW*",,,,"",45.472,"g",0.0149694658
"3640663","Cinnamon Dolce / Large Bag",,,,"M-2","   Vital Blend Coconut II",,,,"",95.5,"g",0.0074516305
"3640663","Cinnamon Dolce / Large Bag",,,,"M - 27","Reb M 90 Stevia Sugarcane (NEW)",,,,"",0.65,"g",0.195
"3640663","Cinnamon Dolce / Large Bag",,,,"M-5","Coconut Milk Powder",,,,"",33.26,"g",0.0092594226
"3640663","Cinnamon Dolce / Large Bag",,,,"M-3","Erythritol",,,,"",72.75,"g",0.0044092488
"3640663","Cinnamon Dolce / Large Bag",,,,"F-8","(Cinnamon Dolce) Cinnamon Toast Crunch",,,,"",25.23,"g",0.0268964179
"3640663","Cinnamon Dolce / Large Bag",,,,"F-34","Cinnamon Vanilla 9945B (King Cake 2x Concentrate)",,,,"",9.24,"g",0.051367749
"3640663","Cinnamon Dolce / Large Bag",,,,"M-4","Avalanche Ultra",,,,"",30.52,"g",0.0375226809
"3640663","Cinnamon Dolce / Large Bag",,,,"M-19","Organic Cinnamon Powder",,,,"",3.05,"g",0.0330693663
"3640663","Cinnamon Dolce / Large Bag",,,,"M-7","Himalayan Pink Salt",,,,"",2.88,"g",0.0024250869
"3640663","Cinnamon Dolce / Large Bag",,,,"p-59","Cinnamon Dolce SUP (velcro)",,,,"",1,"pcs",0.40397
"3640664","Cinnamon Dolce / Small bag",,,,"M-1","Vital Blend MCT",,,,"",10.32,"g",0.0120372493
"3640664","Cinnamon Dolce / Small bag",,,,"M-2","   Vital Blend Coconut II",,,,"",22.16,"g",0.0074516305
"3640664","Cinnamon Dolce / Small bag",,,,"M-10","Ketosweet",,,,"",13.28,"g",0
"3640664","Cinnamon Dolce / Small bag",,,,"M-5","Coconut Milk Powder",,,,"",6.96,"g",0.0092594226
"3640664","Cinnamon Dolce / Small bag",,,,"M-3","Erythritol",,,,"",4.64,"g",0.0044092488
"3640664","Cinnamon Dolce / Small bag",,,,"F-8","(Cinnamon Dolce) Cinnamon Toast Crunch",,,,"",12.56,"g",0.0268964179
"3640664","Cinnamon Dolce / Small bag",,,,"M-4","Avalanche Ultra",,,,"",7.76,"g",0.0375226809
"3640664","Cinnamon Dolce / Small bag",,,,"M-19","Organic Cinnamon Powder",,,,"",1.44,"g",0.0330693663
"3640664","Cinnamon Dolce / Small bag",,,,"M-7","Himalayan Pink Salt",,,,"",0.72,"g",0.0024250869
"3640692","French Vanilla / Large bag",,,,"M-2","   Vital Blend Coconut II",,,,"",101.12,"g",0.0074516305
"3640692","French Vanilla / Large bag",,,,"M - 27","Reb M 90 Stevia Sugarcane (NEW)",,,,"",0.64,"g",0.195
"3640692","French Vanilla / Large bag",,,,"M-30","[M-30] Vital Blend MCT NG *NEW*",,,,"",49.6,"g",0.0149694658
"3640692","French Vanilla / Large bag",,,,"f-41","Vanilla 9947B",,,,"",16,"g",0.028439655
"3640692","French Vanilla / Large bag",,,,"M-4","Avalanche Ultra",,,,"",32.32,"g",0.0375226809
"3640692","French Vanilla / Large bag",,,,"M-5","Coconut Milk Powder",,,,"",40,"g",0.0092594226
"3640692","French Vanilla / Large bag",,,,"M-3","Erythritol",,,,"",75.2,"g",0.0044092488
"3640692","French Vanilla / Large bag",,,,"M-7","Himalayan Pink Salt",,,,"",4,"g",0.0024250869
"3640692","French Vanilla / Large bag",,,,"p-65","french vanilla SUP (velcro)",,,,"",1,"pcs",0.40655
"3648913","French Vanilla / Small bag",,,,"M-2","   Vital Blend Coconut II",,,,"",24.64,"g",0.0074516305
"3648913","French Vanilla / Small bag",,,,"M-10","Ketosweet",,,,"",13.12,"g",0
"3648913","French Vanilla / Small bag",,,,"M-1","Vital Blend MCT",,,,"",12.32,"g",0.0120372493
"3648913","French Vanilla / Small bag",,,,"F-19","Vanilla Nat WONF 6683B PDR",,,,"",7.84,"g",0.0299828921
"3648913","French Vanilla / Small bag",,,,"M-4","Avalanche Ultra",,,,"",8.08,"g",0.0375226809
"3648913","French Vanilla / Small bag",,,,"M-5","Coconut Milk Powder",,,,"",8.48,"g",0.0092594226
"3648913","French Vanilla / Small bag",,,,"M-3","Erythritol",,,,"",4.88,"g",0.0044092488
"3648913","French Vanilla / Small bag",,,,"M-7","Himalayan Pink Salt",,,,"",0.72,"g",0.0024250869
"3648913","French Vanilla / Small bag",,,,"P-5","French Vanilla 80g Pouches",,,,"",1,"pcs",0
"10466962","Irish Cream **Limited Edition** / Large bag",,,,"M-1","Vital Blend MCT",,,,"",72,"g",0.0120372493
"10466962","Irish Cream **Limited Edition** / Large bag",,,,"M-2","   Vital Blend Coconut II",,,,"",67.2,"g",0.0074516305
"10466962","Irish Cream **Limited Edition** / Large bag",,,,"M-5","Coconut Milk Powder",,,,"",35.2,"g",0.0092594226
"10466962","Irish Cream **Limited Edition** / Large bag",,,,"M-4","Avalanche Ultra",,,,"",33.6,"g",0.0375226809
"10466962","Irish Cream **Limited Edition** / Large bag",,,,"M-10","Ketosweet",,,,"",27.2,"g",0
"10466962","Irish Cream **Limited Edition** / Large bag",,,,"M-3","Erythritol",,,,"",20.16,"g",0.0044092488
"10466962","Irish Cream **Limited Edition** / Large bag",,,,"M-7","Himalayan Pink Salt",,,,"",3.024,"g",0.0024250869
"10466962","Irish Cream **Limited Edition** / Large bag",,,,"F-11","(Irish Cream) Vanilla NW flavor 9274B PDR",,,,"",35.2,"g",0.04012416444999999
"10466962","Irish Cream **Limited Edition** / Large bag",,,,"M - 22","Cacao Mocha 80g",,,,"",16,"g",0.00424979056
"10466962","Irish Cream **Limited Edition** / Large bag",,,,"P-30","Irish Cream 320g Pouches",,,,"",1,"pcs",0
"4443835","Italian Sweet Cream / Large Bag",,,,"M-30","[M-30] Vital Blend MCT NG *NEW*",,,,"",73,"g",0.0149694658
"4443835","Italian Sweet Cream / Large Bag",,,,"M-2","   Vital Blend Coconut II",,,,"",85,"g",0.0074516305
"4443835","Italian Sweet Cream / Large Bag",,,,"M-5","Coconut Milk Powder",,,,"",35.2,"g",0.0092594226
"4443835","Italian Sweet Cream / Large Bag",,,,"M-4","Avalanche Ultra",,,,"",33.6,"g",0.0375226809
"4443835","Italian Sweet Cream / Large Bag",,,,"M - 27","Reb M 90 Stevia Sugarcane (NEW)",,,,"",0.5,"g",0.195
"4443835","Italian Sweet Cream / Large Bag",,,,"M-3","Erythritol",,,,"",55,"g",0.0044092488
"4443835","Italian Sweet Cream / Large Bag",,,,"M-7","Himalayan Pink Salt",,,,"",3.2,"g",0.0024250869
"4443835","Italian Sweet Cream / Large Bag",,,,"F-12","(Italian Sweet Cream) Vanilla Creme NW flavor 7515b PDR",,,,"",36.48,"g",0.0275578053
"4443835","Italian Sweet Cream / Large Bag",,,,"p-58","Italian sweet cream SUP (velcro)",,,,"",1,"pcs",0.40397
"5835878","Italian Sweet Cream / Small Bag",,,,"M-1","Vital Blend MCT",,,,"",18.64,"g",0.0120372493
"5835878","Italian Sweet Cream / Small Bag",,,,"M-2","   Vital Blend Coconut II",,,,"",21.52,"g",0.0074516305
"5835878","Italian Sweet Cream / Small Bag",,,,"M-5","Coconut Milk Powder",,,,"",9.12,"g",0.0092594226
"5835878","Italian Sweet Cream / Small Bag",,,,"M-4","Avalanche Ultra",,,,"",8.72,"g",0.0375226809
"5835878","Italian Sweet Cream / Small Bag",,,,"M-10","Ketosweet",,,,"",7.04,"g",0
"5835878","Italian Sweet Cream / Small Bag",,,,"M-3","Erythritol",,,,"",5.2,"g",0.0044092488
"5835878","Italian Sweet Cream / Small Bag",,,,"M-7","Himalayan Pink Salt",,,,"",0.8,"g",0.0024250869
"5835878","Italian Sweet Cream / Small Bag",,,,"F-12","(Italian Sweet Cream) Vanilla Creme NW flavor 7515b PDR",,,,"",9.12,"g",0.0275578053
"5835878","Italian Sweet Cream / Small Bag",,,,"P-27","Italian Sweet Cream 80g Pouches",,,,"",1,"pcs",0
"4044444","King Cake / Large Bag",,,,"M-2","   Vital Blend Coconut II",,,,"",101,"g",0.0074516305
"4044444","King Cake / Large Bag",,,,"M-30","[M-30] Vital Blend MCT NG *NEW*",,,,"",49.28,"g",0.0149694658
"4044444","King Cake / Large Bag",,,,"M-5","Coconut Milk Powder",,,,"",38.4,"g",0.0092594226
"4044444","King Cake / Large Bag",,,,"M - 27","Reb M 90 Stevia Sugarcane (NEW)",,,,"",0.66,"g",0.195
"4044444","King Cake / Large Bag",,,,"M-3","Erythritol",,,,"",74,"g",0.0044092488
"4044444","King Cake / Large Bag",,,,"F-34","Cinnamon Vanilla 9945B (King Cake 2x Concentrate)",,,,"",18.48,"g",0.051367749
"4044444","King Cake / Large Bag",,,,"M-4","Avalanche Ultra",,,,"",30,"g",0.0375226809
"4044444","King Cake / Large Bag",,,,"M-19","Organic Cinnamon Powder",,,,"",1.28,"g",0.0330693663
"4044444","King Cake / Large Bag",,,,"M-7","Himalayan Pink Salt",,,,"",2.88,"g",0.0024250869
"4044444","King Cake / Large Bag",,,,"M-13","Fairway Green F290009 Sprinkles",,,,"",0.03,"g",0.2904813136
"4044444","King Cake / Large Bag",,,,"M-12","Amethyst C Sprinkles F290074",,,,"",0.03,"g",0.1030661916
"4044444","King Cake / Large Bag",,,,"M-15","Turmerica Yellow F290002 Sprinkles",,,,"",0.03,"g",0.1269863666
"4044444","King Cake / Large Bag",,,,"p-67","king cake SUP (velcro)",,,,"",1,"pcs",0.40397
"4044445","King Cake / Small Bag",,,,"M-1","Vital Blend MCT",,,,"",11.04,"g",0.0120372493
"4044445","King Cake / Small Bag",,,,"M-2","   Vital Blend Coconut II",,,,"",23.6,"g",0.0074516305
"4044445","King Cake / Small Bag",,,,"M-10","Ketosweet",,,,"",13.36,"g",0
"4044445","King Cake / Small Bag",,,,"M-5","Coconut Milk Powder",,,,"",8.64,"g",0.0092594226
"4044445","King Cake / Small Bag",,,,"M-3","Erythritol",,,,"",4.96,"g",0.0044092488
"4044445","King Cake / Small Bag",,,,"F-13","(King Cake) Cinnamon Vanilla 6957B",,,,"",9.12,"g",0.02667595548
"4044445","King Cake / Small Bag",,,,"M-4","Avalanche Ultra",,,,"",8.24,"g",0.0375226809
"4044445","King Cake / Small Bag",,,,"M-19","Organic Cinnamon Powder",,,,"",0.32,"g",0.0330693663
"4044445","King Cake / Small Bag",,,,"M-7","Himalayan Pink Salt",,,,"",0.72,"g",0.0024250869
"3640674","Original / Large bag",,,,"M-30","[M-30] Vital Blend MCT NG *NEW*",,,,"",86.08,"g",0.0149694658
"3640674","Original / Large bag",,,,"M-2","   Vital Blend Coconut II",,,,"",99.52,"g",0.0074516305
"3640674","Original / Large bag",,,,"M-5","Coconut Milk Powder",,,,"",42.24,"g",0.0092594226
"3640674","Original / Large bag",,,,"M-4","Avalanche Ultra",,,,"",40.32,"g",0.0375226809
"3640674","Original / Large bag",,,,"M-3","Erythritol",,,,"",47.181,"g",0.0044092488
"3640674","Original / Large bag",,,,"M-7","Himalayan Pink Salt",,,,"",3.52,"g",0.0024250869
"3640674","Original / Large bag",,,,"M - 27","Reb M 90 Stevia Sugarcane (NEW)",,,,"",0.27,"g",0.195
"3640674","Original / Large bag",,,,"p-68","Original SUP (velcro)",,,,"",1,"pcs",0
"3648911","Original / Small bag",,,,"M-1","Vital Blend MCT",,,,"",21.52,"g",0.0120372493
"3648911","Original / Small bag",,,,"M-2","   Vital Blend Coconut II",,,,"",24.88,"g",0.0074516305
"3648911","Original / Small bag",,,,"M-5","Coconut Milk Powder",,,,"",10.56,"g",0.0092594226
"3648911","Original / Small bag",,,,"M-4","Avalanche Ultra",,,,"",10.08,"g",0.0375226809
"3648911","Original / Small bag",,,,"M-10","Ketosweet",,,,"",6,"g",0
"3648911","Original / Small bag",,,,"M-3","Erythritol",,,,"",6,"g",0.0044092488
"3648911","Original / Small bag",,,,"M-7","Himalayan Pink Salt",,,,"",0.88,"g",0.0024250869
"3648911","Original / Small bag",,,,"P-2","Original 80g Pouches",,,,"",1,"pcs",0
"3640676","Peppermint Mocha / Large Bag",,,,"M-30","[M-30] Vital Blend MCT NG *NEW*",,,,"",61.12,"g",0.0149694658
"3640676","Peppermint Mocha / Large Bag",,,,"M-2","   Vital Blend Coconut II",,,,"",85.76,"g",0.0074516305
"3640676","Peppermint Mocha / Large Bag",,,,"M-5","Coconut Milk Powder",,,,"",30.72,"g",0.0092594226
"3640676","Peppermint Mocha / Large Bag",,,,"M - 27","Reb M 90 Stevia Sugarcane (NEW)",,,,"",0.7665,"g",0.195
"3640676","Peppermint Mocha / Large Bag",,,,"M-3","Erythritol",,,,"",86.623,"g",0.0044092488
"3640676","Peppermint Mocha / Large Bag",,,,"M-18","Organic Cacao Powder",,,,"",19.2,"g",0.0115758903
"3640676","Peppermint Mocha / Large Bag",,,,"F-14","Peppermint 5190B",,,,"",7.68,"g",0.0299828921
"3640676","Peppermint Mocha / Large Bag",,,,"P-35","Peppermint Mocha 320g Pouches",,,,"",1,"pcs",0.2994
"3640676","Peppermint Mocha / Large Bag",,,,"f-7","Chocolate NAT wonf 4721B",,,,"",28.8,"g",0.028439655
"3715754","Peppermint Mocha / Small Bag",,,,"M-1","Vital Blend MCT",,,,"",15.28,"g",0.0120372493
"3715754","Peppermint Mocha / Small Bag",,,,"M-2","   Vital Blend Coconut II",,,,"",21.44,"g",0.0074516305
"3715754","Peppermint Mocha / Small Bag",,,,"M-5","Coconut Milk Powder",,,,"",7.68,"g",0.0092594226
"3715754","Peppermint Mocha / Small Bag",,,,"M-10","Ketosweet",,,,"",16.8,"g",0
"3715754","Peppermint Mocha / Small Bag",,,,"F-7","Chocolate Nat WONF 4721B",,,,"",7.2,"g",0.028439655
"3715754","Peppermint Mocha / Small Bag",,,,"M-3","Erythritol",,,,"",4.8,"g",0.0044092488
"3715754","Peppermint Mocha / Small Bag",,,,"M-18","Organic Cacao Powder",,,,"",4.8,"g",0.0115758903
"3715754","Peppermint Mocha / Small Bag",,,,"F-14","Peppermint 5190B",,,,"",1.92,"g",0.0299828921
"3715754","Peppermint Mocha / Small Bag",,,,"P-34","Peppermint Mocha 80g Pouches",,,,"",1,"pcs",0
"3640681","Pumpkin Spice Creamer/ Large Bag",,,,"M-30","[M-30] Vital Blend MCT NG *NEW*",,,,"",44.8,"g",0.0149694658
"3640681","Pumpkin Spice Creamer/ Large Bag",,,,"M-2","   Vital Blend Coconut II",,,,"",100.5,"g",0.0074516305
"3640681","Pumpkin Spice Creamer/ Large Bag",,,,"M - 27","Reb M 90 Stevia Sugarcane (NEW)",,,,"",0.6607,"g",0.195
"3640681","Pumpkin Spice Creamer/ Large Bag",,,,"M-5","Coconut Milk Powder",,,,"",36.48,"g",0.0092594226
"3640681","Pumpkin Spice Creamer/ Large Bag",,,,"M-4","Avalanche Ultra",,,,"",33.6,"g",0.0375226809
"3640681","Pumpkin Spice Creamer/ Large Bag",,,,"F-30","pumpkin spice 9481B (2x concentrated)",,,,"",17.12,"g",0.0564383852
"3640681","Pumpkin Spice Creamer/ Large Bag",,,,"M-3","Erythritol",,,,"",79.65,"g",0.0044092488
"3640681","Pumpkin Spice Creamer/ Large Bag",,,,"M-19","Organic Cinnamon Powder",,,,"",4.16,"g",0.0330693663
"3640681","Pumpkin Spice Creamer/ Large Bag",,,,"M-7","Himalayan Pink Salt",,,,"",2.944,"g",0.0024250869
"3640681","Pumpkin Spice Creamer/ Large Bag",,,,"P-17","Pumpkin Spice 320g Pouches",,,,"",1,"pcs",0.197132504
"4039773","Red Velvet Cake / Large Bag",,,,"M-1","Vital Blend MCT",,,,"",61.44,"g",0.0120372493
"4039773","Red Velvet Cake / Large Bag",,,,"M-2","   Vital Blend Coconut II",,,,"",86.016,"g",0.0074516305
"4039773","Red Velvet Cake / Large Bag",,,,"M-5","Coconut Milk Powder",,,,"",31.04,"g",0.0092594226
"4039773","Red Velvet Cake / Large Bag",,,,"M - 27","Reb M 90 Stevia Sugarcane (NEW)",,,,"",0.88,"g",0.195
"4039773","Red Velvet Cake / Large Bag",,,,"F-16","Red Velvet Cake Natural WONF 6688B",,,,"",36.48,"g",0.0381400025
"4039773","Red Velvet Cake / Large Bag",,,,"M-3","Erythritol",,,,"",88.15627,"g",0.0044092488
"4039773","Red Velvet Cake / Large Bag",,,,"M-18","Organic Cacao Powder",,,,"",17,"g",0.0115758903
"4039773","Red Velvet Cake / Large Bag",,,,"P-26","Red Velvet 320g Pouches",,,,"",1,"pcs",0.3436
"4039791","Red Velvet Cake / Small Bag",,,,"M-1","Vital Blend MCT",,,,"",15.52,"g",0.0120372493
"4039791","Red Velvet Cake / Small Bag",,,,"M-2","   Vital Blend Coconut II",,,,"",21.76,"g",0.0074516305
"4039791","Red Velvet Cake / Small Bag",,,,"M-5","Coconut Milk Powder",,,,"",7.76,"g",0.0092594226
"4039791","Red Velvet Cake / Small Bag",,,,"M-10","Ketosweet",,,,"",17.04,"g",0
"4039791","Red Velvet Cake / Small Bag",,,,"F-16","Red Velvet Cake Natural WONF 6688B",,,,"",9.12,"g",0.0381400025
"4039791","Red Velvet Cake / Small Bag",,,,"M-3","Erythritol",,,,"",4.88,"g",0.0044092488
"4039791","Red Velvet Cake / Small Bag",,,,"M-18","Organic Cacao Powder",,,,"",3.92,"g",0.0115758903
"4039791","Red Velvet Cake / Small Bag",,,,"P-24","Old Red Velvet 80g Pouches",,,,"",1,"pcs",0
"3648912","Salted Caramel / Small bag",,,,"M-2","   Vital Blend Coconut II",,,,"",23.36,"g",0.0074516305
"3648912","Salted Caramel / Small bag",,,,"M-10","Ketosweet",,,,"",14.8,"g",0
"3648912","Salted Caramel / Small bag",,,,"M-1","Vital Blend MCT",,,,"",10.88,"g",0.0120372493
"3648912","Salted Caramel / Small bag",,,,"F-6","Caramel 4719B",,,,"",9.2,"g",0.02689641793
"3648912","Salted Caramel / Small bag",,,,"M-4","Avalanche Ultra",,,,"",8.16,"g",0.0375226809
"3648912","Salted Caramel / Small bag",,,,"M-5","Coconut Milk Powder",,,,"",7.36,"g",0.0092594226
"3648912","Salted Caramel / Small bag",,,,"M-3","Erythritol",,,,"",4.88,"g",0.0044092488
"3648912","Salted Caramel / Small bag",,,,"M-7","Himalayan Pink Salt",,,,"",1.2,"g",0.0024250869
"3640687","Speculoos Cookie Dough / Large Bag",,,,"M-1","Vital Blend MCT",,,,"",44.8,"g",0.0120372493
"3640687","Speculoos Cookie Dough / Large Bag",,,,"M-2","   Vital Blend Coconut II",,,,"",96.32,"g",0.0074516305
"3640687","Speculoos Cookie Dough / Large Bag",,,,"M-10","Ketosweet",,,,"",54.4,"g",0
"3640687","Speculoos Cookie Dough / Large Bag",,,,"M-5","Coconut Milk Powder",,,,"",30.4,"g",0.0092594226
"3640687","Speculoos Cookie Dough / Large Bag",,,,"M-3","Erythritol",,,,"",20.16,"g",0.0044092488
"3640687","Speculoos Cookie Dough / Large Bag",,,,"F-17","Speculoos Cookie  5155B",,,,"",37.12,"g",0.0361558405
"3640687","Speculoos Cookie Dough / Large Bag",,,,"M-4","Avalanche Ultra",,,,"",33.6,"g",0.0375226809
"3640687","Speculoos Cookie Dough / Large Bag",,,,"M-7","Himalayan Pink Salt",,,,"",2.88,"g",0.0024250869
"3640687","Speculoos Cookie Dough / Large Bag",,,,"P-37","Speculoos Cookie Dough 320g Pouches",,,,"",1,"pcs",0
"3640688","Speculoos Cookie Dough / Small Bag",,,,"M-1","Vital Blend MCT",,,,"",11.2,"g",0.0120372493
"3640688","Speculoos Cookie Dough / Small Bag",,,,"M-2","   Vital Blend Coconut II",,,,"",24.08,"g",0.0074516305
"3640688","Speculoos Cookie Dough / Small Bag",,,,"M-10","Ketosweet",,,,"",13.6,"g",0
"3640688","Speculoos Cookie Dough / Small Bag",,,,"M-5","Coconut Milk Powder",,,,"",7.6,"g",0.0092594226
"3640688","Speculoos Cookie Dough / Small Bag",,,,"M-3","Erythritol",,,,"",5.04,"g",0.0044092488
"3640688","Speculoos Cookie Dough / Small Bag",,,,"F-17","Speculoos Cookie  5155B",,,,"",9.28,"g",0.0361558405
"3640688","Speculoos Cookie Dough / Small Bag",,,,"M-4","Avalanche Ultra",,,,"",8.4,"g",0.0375226809
"3640688","Speculoos Cookie Dough / Small Bag",,,,"M-7","Himalayan Pink Salt",,,,"",0.72,"g",0.0024250869
"3640688","Speculoos Cookie Dough / Small Bag",,,,"P-36","Speculoos Cookie Dough 80g Pouches",,,,"",1,"pcs",0
"3729054","Santa's Cookies/ Large Bag",,,,"M-2","   Vital Blend Coconut II",,,,"",96,"g",0.0074516305
"3729054","Santa's Cookies/ Large Bag",,,,"M-1","Vital Blend MCT",,,,"",45.76466,"g",0.0120372493
"3729054","Santa's Cookies/ Large Bag",,,,"M-5","Coconut Milk Powder",,,,"",35.5,"g",0.0092594226
"3729054","Santa's Cookies/ Large Bag",,,,"M-4","Avalanche Ultra",,,,"",31.56202,"g",0.0375226809
"3729054","Santa's Cookies/ Large Bag",,,,"F-15","Pumpkin Spice Nat WONF 5037B",,,,"",5.62,"g",0.0326284414
"3729054","Santa's Cookies/ Large Bag",,,,"f-40","Caramel 9913B (3x concentration)",,,,"",2.03,"g",0.0656978077
"3729054","Santa's Cookies/ Large Bag",,,,"F-8","(Cinnamon Dolce) Cinnamon Toast Crunch",,,,"",1.645,"g",0.0268964179
"3729054","Santa's Cookies/ Large Bag",,,,"M-19","Organic Cinnamon Powder",,,,"",0.876,"g",0.0330693663
"3729054","Santa's Cookies/ Large Bag",,,,"M-3","Erythritol",,,,"",70.577,"g",0.0044092488
"3729054","Santa's Cookies/ Large Bag",,,,"M - 27","Reb M 90 Stevia Sugarcane (NEW)",,,,"",0.61453,"g",0.195
"3729054","Santa's Cookies/ Large Bag",,,,"M-7","Himalayan Pink Salt",,,,"",4.93237,"g",0.0024250869
"3729054","Santa's Cookies/ Large Bag",,,,"p-40","Santa's Cookies 320g Pouches",,,,"",1,"pcs",0.4828
"3729054","Santa's Cookies/ Large Bag",,,,"f-28","Speculoos cookie (finished bag for mixing)",,,,"",24,"g",0
"3729054","Santa's Cookies/ Large Bag",,,,"f-41","Vanilla 9947B",,,,"",1.32,"g",0.028439655
"11847241","Apple Pie Oatmeal",,,,"M-1","Vital Blend MCT",,,,"",14.6496,"g",0.0120372493
"11847241","Apple Pie Oatmeal",,,,"M-2","   Vital Blend Coconut II",,,,"",32.4384,"g",0.0074516305
"11847241","Apple Pie Oatmeal",,,,"M - 27","Reb M 90 Stevia Sugarcane (NEW)",,,,"",0.2,"g",0.195
"11847241","Apple Pie Oatmeal",,,,"M-5","Coconut Milk Powder",,,,"",10.464,"g",0.0092594226
"11847241","Apple Pie Oatmeal",,,,"M-3","Erythritol",,,,"",24.152,"g",0.0044092488
"11847241","Apple Pie Oatmeal",,,,"F-1","Apple Pie Nat WONF 7268B",,,,"",11.98,"g",0.0273373428
"11847241","Apple Pie Oatmeal",,,,"M-7","Himalayan Pink Salt",,,,"",1.674,"g",0.0024250869
"11847241","Apple Pie Oatmeal",,,,"p-45","Apple Pie Oatmeal 300g Pouches",,,,"",1,"pcs",0.3270580646
"11847241","Apple Pie Oatmeal",,,,"M-19","Organic Cinnamon Powder",,,,"",1.2,"g",0.0330693663
"11847241","Apple Pie Oatmeal",,,,"m-28","Avena Rolled Oats",,,,"",204,"g",0
"15002425","Apple Pie Low Carb Oatmeal",,,,"M-1","Vital Blend MCT",,,,"",15.28,"g",0.0120372493
"15002425","Apple Pie Low Carb Oatmeal",,,,"M-2","   Vital Blend Coconut II",,,,"",33.82,"g",0.0074516305
"15002425","Apple Pie Low Carb Oatmeal",,,,"M-5","Coconut Milk Powder",,,,"",10.91,"g",0.0092594226
"15002425","Apple Pie Low Carb Oatmeal",,,,"M-3","Erythritol",,,,"",25.18,"g",0.0044092488
"15002425","Apple Pie Low Carb Oatmeal",,,,"M-7","Himalayan Pink Salt",,,,"",1.75,"g",0.0024250869
"15002425","Apple Pie Low Carb Oatmeal",,,,"F-1","Apple Pie Nat WONF 7268B",,,,"",12.85,"g",0.0273373428
"15002425","Apple Pie Low Carb Oatmeal",,,,"M-24","Whole Golden Flaxseed",,,,"",25,"g",0.0076941392
"15002425","Apple Pie Low Carb Oatmeal",,,,"M-25","Ground Golden Flaxseed",,,,"",18.75,"g",0.0087964514
"15002425","Apple Pie Low Carb Oatmeal",,,,"M-26","RTE Organic Regenerative Hemp",,,,"",43.8,"g",0.0088184977
"15002425","Apple Pie Low Carb Oatmeal",,,,"m-28","Avena Rolled Oats",,,,"",112.5,"g",0
"15002425","Apple Pie Low Carb Oatmeal",,,,"M - 27","Reb M 90 Stevia Sugarcane (NEW)",,,,"",0.21,"g",0.195
"15002425","Apple Pie Low Carb Oatmeal",,,,"p-55","Apple Pie low carb Oatmeal Pouches",,,,"",1,"pcs",0.2994
"11934941","Fruity cereal Oatmeal (Low carb)",,,,"M-1","Vital Blend MCT",,,,"",14,"g",0.0120372493
"11934941","Fruity cereal Oatmeal (Low carb)",,,,"M-2","   Vital Blend Coconut II",,,,"",33,"g",0.0074516305
"11934941","Fruity cereal Oatmeal (Low carb)",,,,"M - 27","Reb M 90 Stevia Sugarcane (NEW)",,,,"",0.2,"g",0.195
"11934941","Fruity cereal Oatmeal (Low carb)",,,,"M-5","Coconut Milk Powder",,,,"",11,"g",0.0092594226
"11934941","Fruity cereal Oatmeal (Low carb)",,,,"M-3","Erythritol",,,,"",24.152,"g",0.0044092488
"11934941","Fruity cereal Oatmeal (Low carb)",,,,"F-20","Fruit Cereal type Nat 7774B",,,,"",11.4,"g",0.0293215048
"11934941","Fruity cereal Oatmeal (Low carb)",,,,"M-7","Himalayan Pink Salt",,,,"",1.674,"g",0.0024250869
"11934941","Fruity cereal Oatmeal (Low carb)",,,,"M-24","Whole Golden Flaxseed",,,,"",25,"g",0.0076941392
"11934941","Fruity cereal Oatmeal (Low carb)",,,,"M-25","Ground Golden Flaxseed",,,,"",18.6,"g",0.0087964514
"11934941","Fruity cereal Oatmeal (Low carb)",,,,"M-26","RTE Organic Regenerative Hemp",,,,"",43.75,"g",0.0088184977
"11934941","Fruity cereal Oatmeal (Low carb)",,,,"P-47","Fruity Cereal Low Carb Oatmeal 300g Pouches",,,,"",1,"pcs",0.4786
"11934941","Fruity cereal Oatmeal (Low carb)",,,,"m-28","Avena Rolled Oats",,,,"",115,"g",0
"","Fruit Loop Creamer Large",,,,"M-1","Vital Blend MCT",,,,"",13.2,"g",0.0120372493
"","Fruit Loop Creamer Large",,,,"M-2","   Vital Blend Coconut II",,,,"",28.5,"g",0.0074516305
"","Fruit Loop Creamer Large",,,,"M-10","Ketosweet",,,,"",27.6,"g",0
"","Fruit Loop Creamer Large",,,,"M-5","Coconut Milk Powder",,,,"",9,"g",0.0092594226
"","Fruit Loop Creamer Large",,,,"M-3","Erythritol",,,,"",6,"g",0.0044092488
"","Fruit Loop Creamer Large",,,,"F-20","Fruit Cereal type Nat 7774B",,,,"",11.1,"g",0.0293215048
"","Fruit Loop Creamer Large",,,,"M-7","Himalayan Pink Salt",,,,"",0.9,"g",0.0024250869
"","Fruit Loop Creamer Large",,,,"M-14","Prism Edible Glitter 8Mesh F290095",,,,"",0.6,"g",0.2033325103
"","Fruit Loop Creamer Large",,,,"M-4","Avalanche Ultra",,,,"",32.32,"g",0.0375226809
"113","Trix Cereal Creamer / Large Bag",,,,"M-1","Vital Blend MCT",,,,"",13.2,"g",0.0120372493
"113","Trix Cereal Creamer / Large Bag",,,,"M-2","   Vital Blend Coconut II",,,,"",28.5,"g",0.0074516305
"113","Trix Cereal Creamer / Large Bag",,,,"M-10","Ketosweet",,,,"",27.6,"g",0
"113","Trix Cereal Creamer / Large Bag",,,,"M-5","Coconut Milk Powder",,,,"",9,"g",0.0092594226
"113","Trix Cereal Creamer / Large Bag",,,,"M-3","Erythritol",,,,"",6,"g",0.0044092488
"113","Trix Cereal Creamer / Large Bag",,,,"F - 27","Fruit Cereal 7774B (Trix Flavor)",,,,"",5.5,"g",22.7
"113","Trix Cereal Creamer / Large Bag",,,,"M-7","Himalayan Pink Salt",,,,"",0.9,"g",0.0024250869
"113","Trix Cereal Creamer / Large Bag",,,,"M-14","Prism Edible Glitter 8Mesh F290095",,,,"",0.6,"g",0.2033325103
"113","Trix Cereal Creamer / Large Bag",,,,"M-4","Avalanche Ultra",,,,"",32.32,"g",0.0375226809
"113","Trix Cereal Creamer / Large Bag",,,,"P - 42","Trix Creamer 320g Pouch",,,,"",1,"pcs",0.4828
"11643581","Samoa Cookie / Large 320g",,,,"M-1","Vital Blend MCT",,,,"",61,"g",0.0120372493
"11643581","Samoa Cookie / Large 320g",,,,"M-2","   Vital Blend Coconut II",,,,"",90.9,"g",0.0074516305
"11643581","Samoa Cookie / Large 320g",,,,"M-5","Coconut Milk Powder",,,,"",34,"g",0.0092594226
"11643581","Samoa Cookie / Large 320g",,,,"M - 27","Reb M 90 Stevia Sugarcane (NEW)",,,,"",0.98874,"g",0.195
"11643581","Samoa Cookie / Large 320g",,,,"M-3","Erythritol",,,,"",74.5,"g",0.0044092488
"11643581","Samoa Cookie / Large 320g",,,,"f- 29","Coconut Flavor 9574B",,,,"",12,"g",0.0315261292
"11643581","Samoa Cookie / Large 320g",,,,"f-7","Chocolate NAT wonf 4721B",,,,"",12,"g",0.028439655
"11643581","Samoa Cookie / Large 320g",,,,"f-40","Caramel 9913B (3x concentration)",,,,"",3.165,"g",0.0656978077
"11643581","Samoa Cookie / Large 320g",,,,"M-18","Organic Cacao Powder",,,,"",7.44,"g",0.0115758903
"11643581","Samoa Cookie / Large 320g",,,,"M-4","Avalanche Ultra",,,,"",20.658,"g",0.0375226809
"11643581","Samoa Cookie / Large 320g",,,,"M-7","Himalayan Pink Salt",,,,"",2.4856,"g",0.0024250869
"11643581","Samoa Cookie / Large 320g",,,,"p-62","Coconut Caramel Truffle SUP (velcro)",,,,"",1,"pcs",0.40397
"","Samoa cookie recipe B (finished Mocha/caramel) ",,,,"M-1","Vital Blend MCT",,,,"",18.823,"g",0.0120372493
"","Samoa cookie recipe B (finished Mocha/caramel) ",,,,"M-2","   Vital Blend Coconut II",,,,"",28.0573,"g",0.0074516305
"","Samoa cookie recipe B (finished Mocha/caramel) ",,,,"M-5","Coconut Milk Powder",,,,"",10.1086,"g",0.0092594226
"","Samoa cookie recipe B (finished Mocha/caramel) ",,,,"M - 27","Reb M 90 Stevia Sugarcane (NEW)",,,,"",0.3143,"g",0.195
"","Samoa cookie recipe B (finished Mocha/caramel) ",,,,"M-3","Erythritol",,,,"",23.685,"g",0.0044092488
"","Samoa cookie recipe B (finished Mocha/caramel) ",,,,"f- 29","Coconut Flavor 9574B",,,,"",12,"g",0.0315261292
"","Samoa cookie recipe B (finished Mocha/caramel) ",,,,"M-4","Avalanche Ultra",,,,"",6.5676,"g",0.0375226809
"","Samoa cookie recipe B (finished Mocha/caramel) ",,,,"M-7","Himalayan Pink Salt",,,,"",0.7902,"g",0.0024250869
"","Samoa cookie recipe B (finished Mocha/caramel) ",,,,"p-44","Samoa Cookie 320g Pouches",,,,"",1,"pcs",0.4828
"","Samoa cookie recipe C (raw Mocha/finished Caramel)",,,,"M-1","Vital Blend MCT",,,,"",38.82,"g",0.0120372493
"","Samoa cookie recipe C (raw Mocha/finished Caramel)",,,,"M-2","   Vital Blend Coconut II",,,,"",46.82,"g",0.0074516305
"","Samoa cookie recipe C (raw Mocha/finished Caramel)",,,,"M-5","Coconut Milk Powder",,,,"",20.11,"g",0.0092594226
"","Samoa cookie recipe C (raw Mocha/finished Caramel)",,,,"M - 27","Reb M 90 Stevia Sugarcane (NEW)",,,,"",0.62,"g",0.195
"","Samoa cookie recipe C (raw Mocha/finished Caramel)",,,,"M-3","Erythritol",,,,"",47.28,"g",0.0044092488
"","Samoa cookie recipe C (raw Mocha/finished Caramel)",,,,"f- 29","Coconut Flavor 9574B",,,,"",12,"g",0.0315261292
"","Samoa cookie recipe C (raw Mocha/finished Caramel)",,,,"f-7","Chocolate NAT wonf 4721B",,,,"",11.2,"g",0.028439655
"","Samoa cookie recipe C (raw Mocha/finished Caramel)",,,,"M-18","Organic Cacao Powder",,,,"",7.4,"g",0.0115758903
"","Samoa cookie recipe C (raw Mocha/finished Caramel)",,,,"M-4","Avalanche Ultra",,,,"",13.02,"g",0.0375226809
"","Samoa cookie recipe C (raw Mocha/finished Caramel)",,,,"M-7","Himalayan Pink Salt",,,,"",1.57,"g",0.0024250869
"","Samoa cookie recipe C (raw Mocha/finished Caramel)",,,,"p-44","Samoa Cookie 320g Pouches",,,,"",1,"pcs",0.4828
"11934939","Honey Bunches of Oats 320g",,,,"M-1","Vital Blend MCT",,,,"",44.8,"g",0.0120372493
"11934939","Honey Bunches of Oats 320g",,,,"M-2","   Vital Blend Coconut II",,,,"",100,"g",0.0074516305
"11934939","Honey Bunches of Oats 320g",,,,"M-5","Coconut Milk Powder",,,,"",31.7,"g",0.0092594226
"11934939","Honey Bunches of Oats 320g",,,,"F-32","Honey Oat Cereal 9482B",,,,"",14.4,"g",0.0318418587
"11934939","Honey Bunches of Oats 320g",,,,"F-18","Toffee Maple Pecan 8894B",,,,"",9.6,"g",0.0238099437
"11934939","Honey Bunches of Oats 320g",,,,"M - 27","Reb M 90 Stevia Sugarcane (NEW)",,,,"",0.686,"g",0.195
"11934939","Honey Bunches of Oats 320g",,,,"M-3","Erythritol",,,,"",80.27,"g",0.0044092488
"11934939","Honey Bunches of Oats 320g",,,,"M-4","Avalanche Ultra",,,,"",33.6,"g",0.0375226809
"11934939","Honey Bunches of Oats 320g",,,,"M-7","Himalayan Pink Salt",,,,"",5.04,"g",0.0024250869
"11934939","Honey Bunches of Oats 320g",,,,"P-47","Honey Bunches Creamer 320g Pouch",,,,"",1,"pcs",0.4786
"12391481","White Chocolate Mocha / Large Bag",,,,"M-30","[M-30] Vital Blend MCT NG *NEW*",,,,"",44.8,"g",0.0149694658
"12391481","White Chocolate Mocha / Large Bag",,,,"M-2","   Vital Blend Coconut II",,,,"",100.5,"g",0.0074516305
"12391481","White Chocolate Mocha / Large Bag",,,,"M - 27","Reb M 90 Stevia Sugarcane (NEW)",,,,"",0.71,"g",0.195
"12391481","White Chocolate Mocha / Large Bag",,,,"M-5","Coconut Milk Powder",,,,"",41.6,"g",0.0092594226
"12391481","White Chocolate Mocha / Large Bag",,,,"M-3","Erythritol",,,,"",75.7125,"g",0.0044092488
"12391481","White Chocolate Mocha / Large Bag",,,,"f-33","White Chocolate Mocha NW 9625B",,,,"",37,"g",0.032407979
"12391481","White Chocolate Mocha / Large Bag",,,,"M-4","Avalanche Ultra",,,,"",32.264,"g",0.0375226809
"12391481","White Chocolate Mocha / Large Bag",,,,"M-7","Himalayan Pink Salt",,,,"",5.04,"g",0.0024250869
"12391481","White Chocolate Mocha / Large Bag",,,,"P-46","White Chocolate Mocha 320g Pouches",,,,"",1,"pcs",0.4786
"13889101","Carrot Cake Creamer 320g ",,,,"M-1","Vital Blend MCT",,,,"",44.8,"g",0.0120372493
"13889101","Carrot Cake Creamer 320g ",,,,"M-2","   Vital Blend Coconut II",,,,"",96,"g",0.0074516305
"13889101","Carrot Cake Creamer 320g ",,,,"M - 27","Reb M 90 Stevia Sugarcane (NEW)",,,,"",0.68,"g",0.195
"13889101","Carrot Cake Creamer 320g ",,,,"M-5","Coconut Milk Powder",,,,"",36.48,"g",0.0092594226
"13889101","Carrot Cake Creamer 320g ",,,,"M-3","Erythritol",,,,"",71.5,"g",0.0044092488
"13889101","Carrot Cake Creamer 320g ",,,,"F-35","Carrot Cake 1028E",,,,"",26.25,"g",0.0335102912
"13889101","Carrot Cake Creamer 320g ",,,,"M-4","Avalanche Ultra",,,,"",31.04,"g",0.0375226809
"13889101","Carrot Cake Creamer 320g ",,,,"M-19","Organic Cinnamon Powder",,,,"",4.8,"g",0.0330693663
"13889101","Carrot Cake Creamer 320g ",,,,"M-7","Himalayan Pink Salt",,,,"",2.88,"g",0.0024250869
"13889101","Carrot Cake Creamer 320g ",,,,"P - 47","Carrot Cake Creamer 320g Pouch",,,,"",1,"pcs",0.475
"14679341","Pistachio Ice Cream Creamer 320g",,,,"M-1","Vital Blend MCT",,,,"",44,"g",0.0120372493
"14679341","Pistachio Ice Cream Creamer 320g",,,,"M-2","   Vital Blend Coconut II",,,,"",100.5,"g",0.0074516305
"14679341","Pistachio Ice Cream Creamer 320g",,,,"M - 27","Reb M 90 Stevia Sugarcane (NEW)",,,,"",0.665,"g",0.195
"14679341","Pistachio Ice Cream Creamer 320g",,,,"M-5","Coconut Milk Powder",,,,"",42,"g",0.0092594226
"14679341","Pistachio Ice Cream Creamer 320g",,,,"M-3","Erythritol",,,,"",75.7125,"g",0.0044092488
"14679341","Pistachio Ice Cream Creamer 320g",,,,"F-36","Pistachio Ice Cream 2901C",,,,"",26,"g",0.0456357255
"14679341","Pistachio Ice Cream Creamer 320g",,,,"M-4","Avalanche Ultra",,,,"",33.264,"g",0.0375226809
"14679341","Pistachio Ice Cream Creamer 320g",,,,"M-7","Himalayan Pink Salt",,,,"",5.08,"g",0.0024250869
"14679341","Pistachio Ice Cream Creamer 320g",,,,"P - 48","Pistachio Ice Cream Creamer 320g Pouch ",,,,"",1,"pcs",0.475
"14679341","Pistachio Ice Cream Creamer 320g",,,,"f-39","Espresso Coffee 8282B",,,,"",2,"g",0.028439655
"14423625","Nutella ",,,,"M-1","Vital Blend MCT",,,,"",62.08,"g",0.0120372493
"14423625","Nutella ",,,,"M-2","   Vital Blend Coconut II",,,,"",87.68,"g",0.0074516305
"14423625","Nutella ",,,,"M-5","Coconut Milk Powder",,,,"",31.36,"g",0.0092594226
"14423625","Nutella ",,,,"M - 27","Reb M 90 Stevia Sugarcane (NEW)",,,,"",0.88,"g",0.195
"14423625","Nutella ",,,,"M-3","Erythritol",,,,"",88.15627,"g",0.0044092488
"14423625","Nutella ",,,,"M-18","Organic Cacao Powder",,,,"",10,"g",0.0115758903
"14423625","Nutella ",,,,"f-37","Chocolate Hazelnut 1027E",,,,"",29.76,"g",0.0231358729
"14423625","Nutella ",,,,"p-61","Nutella Latte SUP (velcro)",,,,"",1,"pcs",0.40397
"14914917","S'mores",,,,"M-1","Vital Blend MCT",,,,"",62.08,"g",0.0120372493
"14914917","S'mores",,,,"M-2","   Vital Blend Coconut II",,,,"",87.68,"g",0.0074516305
"14914917","S'mores",,,,"M-5","Coconut Milk Powder",,,,"",31.36,"g",0.0092594226
"14914917","S'mores",,,,"M - 27","Reb M 90 Stevia Sugarcane (NEW)",,,,"",0.88,"g",0.195
"14914917","S'mores",,,,"M-3","Erythritol",,,,"",88.15627,"g",0.0044092488
"14914917","S'mores",,,,"M-18","Organic Cacao Powder",,,,"",8,"g",0.0115758903
"14914917","S'mores",,,,"f-42","S'mores flavor 1029E",,,,"",29.76,"g",0.0456357255
"14914917","S'mores",,,,"P-50","S'mores 320g Pouches",,,,"",1,"pcs",0.2994
"17129670","Cracker Jacks/Large Bag",,,,"M-2","   Vital Blend Coconut II",,,,"",105.5,"g",0.0074516305
"17129670","Cracker Jacks/Large Bag",,,,"M-1","Vital Blend MCT",,,,"",44.8,"g",0.0120372493
"17129670","Cracker Jacks/Large Bag",,,,"M-4","Avalanche Ultra",,,,"",33.36,"g",0.0375226809
"17129670","Cracker Jacks/Large Bag",,,,"M-5","Coconut Milk Powder",,,,"",40.94,"g",0.0092594226
"17129670","Cracker Jacks/Large Bag",,,,"M - 27","Reb M 90 Stevia Sugarcane (NEW)",,,,"",0.60883,"g",0.195
"17129670","Cracker Jacks/Large Bag",,,,"M-3","Erythritol",,,,"",72,"g",0.0044092488
"17129670","Cracker Jacks/Large Bag",,,,"M-7","Himalayan Pink Salt",,,,"",4.7,"g",0.0024250869
"17129670","Cracker Jacks/Large Bag",,,,"f-40","Caramel 9913B (3x concentration)",,,,"",5.34,"g",0.0656978077
"17129670","Cracker Jacks/Large Bag",,,,"F-43","Cracker Jack 1238E",,,,"",14.45,"g",0.0727526059
"17129670","Cracker Jacks/Large Bag",,,,"p-51","Cracker Jack 320g Pouches",,,,"",1,"pcs",0.2994
"3640663","Gingerbread Cookie 320g",,,,"M-30","[M-30] Vital Blend MCT NG *NEW*",,,,"",45.472,"g",0.0149694658
"3640663","Gingerbread Cookie 320g",,,,"M-2","   Vital Blend Coconut II",,,,"",95.5,"g",0.0074516305
"3640663","Gingerbread Cookie 320g",,,,"M - 27","Reb M 90 Stevia Sugarcane (NEW)",,,,"",0.65,"g",0.195
"3640663","Gingerbread Cookie 320g",,,,"M-5","Coconut Milk Powder",,,,"",33.26,"g",0.0092594226
"3640663","Gingerbread Cookie 320g",,,,"M-3","Erythritol",,,,"",72.75,"g",0.0044092488
"3640663","Gingerbread Cookie 320g",,,,"F-17","Speculoos Cookie  5155B",,,,"",22.405,"g",0.0361558405
"3640663","Gingerbread Cookie 320g",,,,"F-34","Cinnamon Vanilla 9945B (King Cake 2x Concentrate)",,,,"",6,"g",0.051367749
"3640663","Gingerbread Cookie 320g",,,,"F-35","Carrot Cake 1028E",,,,"",7.45,"g",0.0335102912
"3640663","Gingerbread Cookie 320g",,,,"M-4","Avalanche Ultra",,,,"",30.52,"g",0.0375226809
"3640663","Gingerbread Cookie 320g",,,,"M-19","Organic Cinnamon Powder",,,,"",3.05,"g",0.0330693663
"3640663","Gingerbread Cookie 320g",,,,"M-7","Himalayan Pink Salt",,,,"",2.88,"g",0.0024250869
"3640663","Gingerbread Cookie 320g",,,,"p-72","Gingerbread Cookie SUP (Velcro)",,,,"",1,"pcs",1.00637